cells,0,1,2,3,4,5,6,7,8,9,batch,celltype
ola_mES_2i_2_1.counts,-34.855534,-72.0288,4.3635726,1.1845938,20.834616,-4.105958,10.159641,-4.145718,19.89639,6.2574267,batch2,2i
ola_mES_2i_2_10.counts,-43.906116,-65.475365,17.85857,-8.387577,31.300295,7.4701266,22.289392,-0.7679778,2.5013154,-26.001093,batch2,2i
ola_mES_2i_2_11.counts,-59.390335,-51.718113,17.626318,-5.8134484,45.84963,26.05154,24.911034,5.032615,-0.32138908,-18.18158,batch2,2i
ola_mES_2i_2_12.counts,-56.23433,-43.368546,21.346663,-11.690834,38.21894,-0.42949104,-3.4093914,-15.318333,5.14516,-20.902351,batch2,2i
ola_mES_2i_2_13.counts,-49.160877,-53.659794,27.101252,-13.928494,16.421047,-18.561377,-3.4875693,-40.884583,11.059038,-9.269083,batch2,2i
ola_mES_2i_2_14.counts,-40.220528,-63.61191,33.76659,-18.318514,18.654047,-3.1073096,1.5484271,9.2935295,21.021997,-7.295856,batch2,2i
ola_mES_2i_2_15.counts,-88.58336,20.265427,37.070904,-7.837896,-6.235972,7.070092,51.44058,-3.3999841,51.18477,-8.097111,batch2,2i
ola_mES_2i_2_16.counts,-34.425457,-83.51005,25.037907,-9.750119,18.30957,17.175833,14.453711,10.069749,-4.2020884,-23.653652,batch2,2i
ola_mES_2i_2_17.counts,-42.887077,-58.846718,28.137737,-7.421768,9.1157,-24.02302,-5.15483,13.937612,29.806795,6.998403,batch2,2i
ola_mES_2i_2_18.counts,-92.265915,46.878864,2.1197693,13.235282,74.48217,30.823412,-20.523321,0.1807148,17.17452,14.487461,batch2,2i
ola_mES_2i_2_19.counts,-63.49896,-25.839767,31.557682,-24.067654,13.721921,6.7781415,23.88974,17.525198,22.056696,18.135344,batch2,2i
ola_mES_2i_2_2.counts,-45.181793,-56.660915,24.823599,-4.4225006,12.667341,1.6846777,17.274546,19.459555,25.327765,-9.439551,batch2,2i
ola_mES_2i_2_20.counts,-25.763494,-74.256004,16.647041,9.53197,2.1170666,-10.713024,5.6292677,17.648129,12.118753,10.60908,batch2,2i
ola_mES_2i_2_21.counts,-73.316414,-29.909822,27.19718,9.319524,19.753273,10.039308,17.10351,-12.749451,14.152927,-21.769138,batch2,2i
ola_mES_2i_2_22.counts,-34.1272,-83.79955,25.86834,-18.184149,15.1197405,10.518857,9.209672,4.1677213,-3.8619263,-12.965546,batch2,2i
ola_mES_2i_2_23.counts,-51.485264,-49.990448,40.48336,-15.145053,39.476654,-28.752295,-26.345112,-9.649582,6.7955923,-5.1896014,batch2,2i
ola_mES_2i_2_24.counts,-46.325146,-49.460808,15.7298155,-5.0240602,38.142193,-5.2323365,-16.628101,-17.71836,11.714676,8.36011,batch2,2i
ola_mES_2i_2_25.counts,-45.631973,-83.95394,28.442877,-12.99203,17.796925,8.17586,34.134243,4.8090935,-0.5707058,-20.842247,batch2,2i
ola_mES_2i_2_26.counts,-70.11714,-12.359355,14.871292,-5.315122,32.083076,2.8650796,33.01943,6.6050396,5.6176467,-18.373478,batch2,2i
ola_mES_2i_2_27.counts,-46.562668,-73.4931,22.56944,-6.029054,17.193552,12.540926,36.864754,-4.859287,7.3847723,-8.811679,batch2,2i
ola_mES_2i_2_28.counts,-52.569035,-17.447521,76.16948,-12.48892,-7.865789,-46.3129,14.059391,67.85089,17.684996,-15.688005,batch2,2i
ola_mES_2i_2_29.counts,-49.693077,-53.605206,32.232826,-11.23256,24.021032,-1.9909177,15.832007,-13.24541,8.502992,-23.539656,batch2,2i
ola_mES_2i_2_3.counts,-42.712727,-85.65355,21.384048,-13.025543,17.828978,12.007297,27.476349,-3.693743,15.999234,-8.94891,batch2,2i
ola_mES_2i_2_30.counts,-53.377117,-21.456144,13.245816,2.9094806,48.37983,-3.0691495,-30.476374,4.8102903,15.078898,11.793113,batch2,2i
ola_mES_2i_2_31.counts,-56.982967,-60.29543,34.254375,-19.870926,52.977715,15.833796,1.6622827,-7.4721274,-15.749448,-12.713282,batch2,2i
ola_mES_2i_2_32.counts,-42.942085,-82.49762,24.938692,-12.129236,7.118635,-1.6817892,31.046934,-7.386074,15.405097,-1.2763132,batch2,2i
ola_mES_2i_2_33.counts,-72.93586,-9.615981,14.616434,-9.286814,69.77609,30.826082,-10.35889,-9.898854,-9.966905,0.48469073,batch2,2i
ola_mES_2i_2_34.counts,-54.47072,-52.647312,19.24349,-3.6933746,33.148647,-8.441654,-5.6601176,-9.947156,12.694537,4.7094913,batch2,2i
ola_mES_2i_2_35.counts,-56.868313,-47.610035,20.33486,-6.2579226,25.639091,-3.4710727,26.681362,9.773531,-1.3291507,-18.80884,batch2,2i
ola_mES_2i_2_36.counts,-66.315735,-38.156525,25.5192,-10.31588,-1.976898,15.607919,38.08134,-8.881946,-6.282137,-32.77697,batch2,2i
ola_mES_2i_2_37.counts,-33.18519,-58.34665,37.19954,-12.924508,13.478586,-32.569946,10.425902,21.912127,20.710278,14.134732,batch2,2i
ola_mES_2i_2_38.counts,-40.068302,-58.900047,48.42161,-13.786309,29.907118,-40.12606,-20.5166,4.3868093,-0.8109703,-6.7026215,batch2,2i
ola_mES_2i_2_39.counts,-47.07499,-65.39675,12.168671,-8.582395,23.460655,-21.496096,6.4759293,-22.466988,29.206686,16.729073,batch2,2i
ola_mES_2i_2_4.counts,-91.40981,28.89364,27.291637,10.33985,50.12663,18.921988,29.925697,24.20846,-20.487694,-47.641098,batch2,2i
ola_mES_2i_2_40.counts,-82.79802,1.9856876,20.756107,11.17585,43.630585,-6.9553056,1.8244156,3.3714654,-12.219187,-11.203074,batch2,2i
ola_mES_2i_2_41.counts,-61.237827,-38.20326,16.681757,-8.310615,21.92412,-8.043614,22.313946,-45.12655,14.22943,1.8762285,batch2,2i
ola_mES_2i_2_42.counts,-75.50497,23.96205,19.480513,1.0672721,43.078907,-25.926886,-9.857347,-51.959156,-12.329433,-14.035239,batch2,2i
ola_mES_2i_2_43.counts,-64.85736,-50.112446,17.654646,-0.6616314,51.178085,1.2373185,24.464127,9.861141,-3.8070116,7.6837363,batch2,2i
ola_mES_2i_2_44.counts,-58.128254,-37.58681,17.250334,-8.94718,35.179203,10.669513,26.988085,-21.194008,-6.9726152,2.655751,batch2,2i
ola_mES_2i_2_46.counts,-49.308727,-58.14997,26.506165,-7.6756415,35.863777,-33.46118,1.1199555,-1.573142,12.7267,19.253914,batch2,2i
ola_mES_2i_2_47.counts,-71.84546,-11.389846,21.235777,-7.1787033,55.759224,15.907094,12.827187,11.457502,-11.432239,1.1037507,batch2,2i
ola_mES_2i_2_48.counts,-88.9866,-2.6869867,30.613625,-6.6505814,55.307133,21.793995,13.169532,-5.590035,-18.144217,-2.9685442,batch2,2i
ola_mES_2i_2_49.counts,-53.584476,-57.452343,24.717033,3.633144,5.369302,-25.503763,19.42183,-5.266676,16.610178,5.163209,batch2,2i
ola_mES_2i_2_5.counts,-87.12071,22.621552,24.31604,7.4772825,13.9467535,-28.613823,4.599185,-14.88323,15.579946,-10.074229,batch2,2i
ola_mES_2i_2_50.counts,-68.387375,-2.7560277,22.349283,-4.2389283,-14.732809,1.3717853,78.566025,6.6110077,7.1491838,-4.4915776,batch2,2i
ola_mES_2i_2_51.counts,-71.38638,-20.044851,24.422611,2.3648984,36.8833,-8.120311,4.035609,-5.1601076,9.36759,-11.951905,batch2,2i
ola_mES_2i_2_52.counts,-73.82067,0.867922,8.234386,4.0571556,16.6045,22.973148,35.936676,24.047394,-18.682615,-12.172753,batch2,2i
ola_mES_2i_2_53.counts,-48.053234,-71.89539,20.307833,4.2921677,24.546526,-5.9651237,13.288001,0.37239894,0.61856395,1.6518953,batch2,2i
ola_mES_2i_2_54.counts,-98.864525,61.234856,12.099319,11.28248,69.438675,-21.968061,-17.471416,-1.2178491,1.6510729,22.792524,batch2,2i
ola_mES_2i_2_55.counts,-32.44736,-86.86796,16.665207,-0.5094073,29.988667,1.8275714,9.341213,-10.339696,10.760254,17.151041,batch2,2i
ola_mES_2i_2_56.counts,-69.94947,-16.465881,26.964134,-15.027184,34.233055,-25.62335,15.269428,-30.00393,39.603348,20.893328,batch2,2i
ola_mES_2i_2_57.counts,-50.870026,-61.201706,7.148325,0.4162064,41.298016,2.551681,8.261907,-5.775346,11.598346,19.187462,batch2,2i
ola_mES_2i_2_58.counts,-48.285824,-68.478584,27.108168,-5.744464,23.161072,-11.870477,-4.692897,-8.795825,15.280033,21.584534,batch2,2i
ola_mES_2i_2_59.counts,-64.45292,-24.238342,21.13513,4.597152,61.621925,-20.358992,-21.084469,-7.0960064,2.8534048,12.264038,batch2,2i
ola_mES_2i_2_6.counts,-53.163784,-49.30486,14.607233,-3.7277677,35.113434,6.759406,14.959884,1.1050076,-8.619692,-15.279575,batch2,2i
ola_mES_2i_2_60.counts,-58.954556,-62.39911,42.611786,-14.932148,32.12194,-33.14519,-2.7645593,-17.275774,16.771372,10.765582,batch2,2i
ola_mES_2i_2_61.counts,-57.110798,-46.758778,16.703632,6.9507165,8.969673,-0.30115467,45.38461,-5.1920342,20.307014,6.715732,batch2,2i
ola_mES_2i_2_62.counts,-39.141773,-82.80592,19.068647,-12.482038,32.20468,6.2391872,14.313148,7.885115,0.14088312,3.6044896,batch2,2i
ola_mES_2i_2_63.counts,-53.245064,-53.18345,35.680077,-8.737052,-2.6203606,-22.478418,39.193237,31.159367,22.677694,-7.610644,batch2,2i
ola_mES_2i_2_64.counts,-59.12046,-24.310076,6.379994,2.5186434,39.799007,3.5095835,3.0633123,-14.145639,1.1796052,6.618699,batch2,2i
ola_mES_2i_2_66.counts,-78.27059,-1.6933473,19.591549,-1.2899504,34.778748,16.706823,33.135136,1.192429,-2.3175359,-21.76311,batch2,2i
ola_mES_2i_2_67.counts,-61.543827,-38.81544,44.423748,-5.6494026,25.915598,-23.229805,6.324407,13.999699,-3.2427409,6.087045,batch2,2i
ola_mES_2i_2_68.counts,-50.128326,-78.079216,33.890465,-11.470866,28.638176,7.218647,21.972246,15.219256,-0.95038366,2.4927185,batch2,2i
ola_mES_2i_2_69.counts,-55.04597,-62.89385,14.557395,2.5420153,36.10174,9.133967,28.993496,2.5637646,11.894925,3.3554606,batch2,2i
ola_mES_2i_2_7.counts,-42.409065,-65.582695,10.482728,-1.720485,37.668583,-0.14604852,14.867006,16.009459,7.2376013,-0.029523024,batch2,2i
ola_mES_2i_2_72.counts,-42.50325,-79.25393,34.138306,-16.190636,11.766837,-4.0904655,38.280777,-3.1234193,9.140219,-5.4613256,batch2,2i
ola_mES_2i_2_73.counts,-33.911167,-76.45957,49.99975,-35.062164,9.335505,-27.793653,3.165294,22.187847,20.199883,29.546974,batch2,2i
ola_mES_2i_2_74.counts,-80.49569,35.12319,54.092674,-13.216978,26.416468,-63.881824,-11.790124,24.566444,30.942822,32.02096,batch2,2i
ola_mES_2i_2_75.counts,-30.386557,-83.52438,26.967115,-7.168528,10.74613,3.2180765,30.39022,10.851354,12.370454,-0.21361189,batch2,2i
ola_mES_2i_2_76.counts,-49.882233,-45.909214,26.15867,-7.2262087,21.986452,7.3742833,8.275655,-3.9536402,1.9414209,-5.825494,batch2,2i
ola_mES_2i_2_79.counts,-65.5345,-34.63232,22.436703,-5.7935815,46.760677,-4.9981594,-3.984477,6.6460485,0.9109248,9.424822,batch2,2i
ola_mES_2i_2_8.counts,-47.954666,-83.88062,29.872995,-6.5653377,12.195975,5.9487276,29.583944,6.361732,9.25265,-17.803137,batch2,2i
ola_mES_2i_2_80.counts,-46.9016,-45.418808,24.796322,-23.113462,19.1667,1.7690046,26.481798,-1.7624791,9.36777,5.9849772,batch2,2i
ola_mES_2i_2_81.counts,-62.6875,-16.587532,31.87962,-17.130667,53.350704,20.20783,1.8365455,-3.1060603,18.181223,21.1064,batch2,2i
ola_mES_2i_2_85.counts,-41.728077,-70.132706,22.9591,-6.1282315,34.725155,-3.5565379,-3.1115947,-18.620676,25.740438,12.715817,batch2,2i
ola_mES_2i_2_86.counts,-70.73423,15.874216,59.72041,-1.9694576,-2.931549,-69.89318,6.0029755,-23.340029,24.018064,-18.06105,batch2,2i
ola_mES_2i_2_87.counts,-39.633175,-50.828285,33.819775,-9.640639,15.125214,-37.71445,2.2849753,-0.61398613,40.132755,2.9457421,batch2,2i
ola_mES_2i_2_90.counts,-99.592964,56.51755,11.2457075,3.6150198,42.767784,-17.888344,19.349894,-11.390599,20.013033,27.336973,batch2,2i
ola_mES_2i_2_91.counts,-56.54835,-23.892563,16.494734,22.17901,21.258606,-11.596358,7.341688,-23.662786,27.659586,2.7374403,batch2,2i
ola_mES_2i_2_93.counts,-62.947464,-26.97993,24.310745,-16.253832,10.951377,7.928269,61.97434,-12.150926,7.289471,-19.391403,batch2,2i
ola_mES_2i_2_94.counts,-88.84353,18.778704,51.114784,-11.996616,70.11666,-20.738852,-25.055988,5.204267,-30.157433,-16.683735,batch2,2i
ola_mES_2i_2_95.counts,-113.79332,112.148766,33.658157,0.8274338,79.251114,-12.08262,19.083733,9.037933,-31.920216,-8.125031,batch2,2i
ola_mES_2i_3_10.counts,-71.41186,13.639563,55.09089,-36.058052,-43.122177,9.685983,6.6317663,2.986414,-27.685728,-8.039109,batch3,2i
ola_mES_2i_3_11.counts,-63.036285,-1.6734942,31.113062,-10.6457205,-30.259396,0.13055955,-31.489717,-5.168582,4.9609537,-21.401697,batch3,2i
ola_mES_2i_3_12.counts,-41.42843,-51.41011,31.712944,-34.928387,-16.325062,29.49773,-36.14274,-6.6995034,7.7249403,8.850108,batch3,2i
ola_mES_2i_3_13.counts,-47.174908,-64.47933,35.519085,-35.095367,-25.529148,37.790447,-9.413645,-2.8485813,-0.866294,-6.4414396,batch3,2i
ola_mES_2i_3_15.counts,-30.646786,-77.484764,28.17324,-35.30547,-10.469215,14.505616,-44.504032,-5.6018157,-5.751278,-20.415571,batch3,2i
ola_mES_2i_3_16.counts,-61.305695,-15.909746,38.419556,-33.759342,-3.6100469,14.924845,-36.40051,-11.809166,1.48794,0.49641207,batch3,2i
ola_mES_2i_3_17.counts,-72.50728,43.423584,40.298824,-4.9779906,0.47586977,7.677198,-30.261206,-3.2538767,-14.328316,-9.543568,batch3,2i
ola_mES_2i_3_18.counts,-84.744095,62.792973,50.186077,-29.200764,-14.223942,3.1944525,-22.022488,5.0375834,-36.18462,-32.58647,batch3,2i
ola_mES_2i_3_19.counts,-27.523596,-80.906494,36.448143,-41.641506,-11.749994,14.517668,-39.459427,-12.41917,-9.886985,-7.4067383,batch3,2i
ola_mES_2i_3_2.counts,-64.0084,14.915492,50.438374,-35.035908,-49.02488,-11.2372875,-21.084606,-37.438465,-12.416281,-26.196157,batch3,2i
ola_mES_2i_3_20.counts,-34.80986,-66.049545,31.74235,-31.90823,-48.53074,24.698671,-6.9647837,-5.9450526,6.033432,-5.7392488,batch3,2i
ola_mES_2i_3_21.counts,-97.348915,72.92565,62.25074,-39.446228,-28.35683,10.266422,3.1596563,-6.0747237,-24.416378,12.062858,batch3,2i
ola_mES_2i_3_23.counts,-78.12098,17.057909,34.73615,-24.328423,1.1981184,48.03294,-9.408997,7.888811,-27.106583,-14.47342,batch3,2i
ola_mES_2i_3_25.counts,-44.84625,-56.111732,31.364267,-36.451252,-45.708946,15.662047,6.0912805,-0.041306175,-15.529786,-26.5902,batch3,2i
ola_mES_2i_3_26.counts,-81.447105,54.680744,54.408684,-4.9072084,-49.73935,-10.833094,-13.981258,21.392208,5.1945953,-6.4649973,batch3,2i
ola_mES_2i_3_28.counts,-81.585556,38.73579,31.912115,-24.140797,12.927244,15.995253,-39.376083,-16.905804,-23.537788,3.7918293,batch3,2i
ola_mES_2i_3_30.counts,-26.035995,-82.99096,28.127754,-33.440037,-16.524569,26.34749,-15.29139,7.5038514,-13.133178,-9.985811,batch3,2i
ola_mES_2i_3_31.counts,-86.48317,40.791355,56.27943,-23.03779,-47.181755,-29.270756,-28.578154,-1.7023944,-16.275099,-6.9790754,batch3,2i
ola_mES_2i_3_33.counts,-40.341908,-13.36427,40.895195,-46.068233,-41.41002,65.752975,1.1887356,5.2924085,12.345484,88.231834,batch3,2i
ola_mES_2i_3_36.counts,-67.0294,13.145658,43.244232,-32.055225,-11.100478,10.331623,-33.353004,-26.009136,-24.201355,-0.9685763,batch3,2i
ola_mES_2i_3_37.counts,-64.994095,-0.7608375,41.655766,-32.578648,-22.141327,20.899296,-25.105639,-20.930254,-2.1117275,40.543552,batch3,2i
ola_mES_2i_3_38.counts,-59.37497,0.9995392,70.14886,-32.08361,-53.942722,-28.212345,-29.387371,31.07664,2.9522867,4.784912,batch3,2i
ola_mES_2i_3_39.counts,-54.590675,38.581,48.927635,-44.88197,-50.022038,80.7758,29.824656,5.1243315,7.446413,119.185036,batch3,2i
ola_mES_2i_3_4.counts,-74.61552,18.462675,42.997616,-20.922337,-8.99903,8.0400095,-36.006775,-6.525265,-18.549232,-0.44993782,batch3,2i
ola_mES_2i_3_41.counts,-23.923717,-93.68234,28.083466,-43.131886,-34.29229,12.665082,-8.575403,-1.2514819,4.342755,-6.1245713,batch3,2i
ola_mES_2i_3_42.counts,-81.04349,30.407555,50.80302,-37.894073,-31.908113,7.019062,-5.153416,-5.139581,-8.06404,4.4904566,batch3,2i
ola_mES_2i_3_43.counts,-67.08382,2.2634523,23.337719,-25.50145,-7.6397305,10.133723,-21.295189,-17.721544,-7.158405,18.854448,batch3,2i
ola_mES_2i_3_45.counts,-78.92129,54.125546,54.077087,-16.938362,-41.698025,-14.626775,-14.819715,10.922234,-21.752014,-6.134348,batch3,2i
ola_mES_2i_3_46.counts,-74.215866,21.086155,42.83335,-28.468689,-13.772784,3.5318997,-28.055117,-20.732355,-21.624653,-18.134094,batch3,2i
ola_mES_2i_3_47.counts,-55.803833,-15.124552,38.70952,-23.966326,-35.26832,-15.193517,3.0132415,27.51876,-0.6644631,-8.81486,batch3,2i
ola_mES_2i_3_49.counts,-65.4665,3.800742,31.89877,-17.3296,-24.819231,-13.539118,-28.265179,-14.831452,-16.61857,2.0804138,batch3,2i
ola_mES_2i_3_5.counts,-59.25161,-49.066185,11.825718,-19.352192,-16.798647,29.288992,-21.317879,-9.368692,1.2623186,-8.594949,batch3,2i
ola_mES_2i_3_52.counts,-30.198572,-85.63066,32.397594,-33.02807,2.667238,25.340744,-22.27762,8.99592,-21.079916,-5.623693,batch3,2i
ola_mES_2i_3_54.counts,-93.92246,99.22581,54.386852,-38.327614,-23.735668,46.656357,16.768112,-10.2538,-23.317684,82.05659,batch3,2i
ola_mES_2i_3_56.counts,-43.929455,-55.18539,44.29331,-26.468088,-43.671467,13.691548,-14.329649,21.501612,3.5252254,5.7075605,batch3,2i
ola_mES_2i_3_57.counts,-79.17593,10.8328705,60.593533,-35.81495,-54.444424,-1.4660113,-2.688452,-14.044793,9.752891,6.3246603,batch3,2i
ola_mES_2i_3_58.counts,-75.34484,8.391468,54.901634,-41.04019,-20.517086,-0.16124621,-26.151688,-6.9497004,-1.1618606,-0.8201114,batch3,2i
ola_mES_2i_3_6.counts,-26.91833,-92.38735,28.50028,-35.844624,-25.152618,19.660622,-12.392208,-7.014102,6.840503,-2.4213784,batch3,2i
ola_mES_2i_3_62.counts,-62.672768,9.199355,40.061794,-34.4738,-7.866078,4.1802754,-38.720757,-21.960752,-29.570879,-3.755452,batch3,2i
ola_mES_2i_3_65.counts,-54.400806,-23.086502,52.387936,-45.522076,-33.20301,10.083933,-7.909705,17.973991,-13.955338,5.2372103,batch3,2i
ola_mES_2i_3_66.counts,-94.54559,95.96876,36.318695,-17.329073,-12.608849,14.077827,-11.463255,-11.42497,-28.584051,-5.844772,batch3,2i
ola_mES_2i_3_69.counts,-118.50924,171.80472,74.586464,-20.31632,-77.88913,2.117018,15.064239,-20.169788,-37.529835,27.390102,batch3,2i
ola_mES_2i_3_7.counts,-33.422783,-62.142406,42.062206,-39.197178,-20.001205,-2.5811682,-40.360268,1.4109919,-5.647959,-25.704483,batch3,2i
ola_mES_2i_3_73.counts,-28.406952,-82.00275,52.39436,-29.969042,-40.113686,-27.51963,-27.655464,-5.3756776,1.326167,-3.8318787,batch3,2i
ola_mES_2i_3_76.counts,-39.136875,-40.91301,16.890757,-14.111419,-13.402942,24.786032,6.5621643,19.487143,7.4553266,-15.149107,batch3,2i
ola_mES_2i_3_77.counts,-66.76351,-7.372772,35.499107,-35.97892,-29.514793,15.737434,-15.071331,-19.010761,-16.138391,-0.35534793,batch3,2i
ola_mES_2i_3_78.counts,-79.88194,46.109642,50.087425,-24.60813,-12.250859,-15.126293,-23.439337,0.46181265,-38.90018,-18.466341,batch3,2i
ola_mES_2i_3_79.counts,-27.011837,-85.37331,42.673023,-43.494602,-35.163033,23.071392,-14.316522,2.736641,-9.711104,-9.465679,batch3,2i
ola_mES_2i_3_8.counts,-55.16517,-21.00334,23.221302,-17.045181,-32.78984,18.163502,-0.5717192,19.725603,-2.9055724,-33.18827,batch3,2i
ola_mES_2i_3_80.counts,-55.87964,-35.455845,46.191227,-33.623463,-10.478321,9.512155,-22.821053,-1.2915281,-20.82883,-14.133275,batch3,2i
ola_mES_2i_3_82.counts,-70.07781,3.3998227,35.945374,-25.736938,-7.389934,-7.7534366,-24.649052,-19.97379,-6.9791684,7.134718,batch3,2i
ola_mES_2i_3_83.counts,-55.863068,-38.00131,30.097452,-30.907337,-15.848269,36.171246,-9.907534,0.6424264,-17.132986,-11.019189,batch3,2i
ola_mES_2i_3_84.counts,-48.563663,-20.041674,32.171597,-20.390993,-25.700012,21.538801,-0.06058494,9.033108,-24.004007,-10.7245035,batch3,2i
ola_mES_2i_3_87.counts,-48.821106,-51.444435,49.52665,-48.34123,-40.499115,17.10583,-1.0211294,-12.797019,-13.590381,-17.264828,batch3,2i
ola_mES_2i_3_88.counts,-63.305405,8.507073,31.374796,-30.25494,-4.554382,17.681873,-23.67103,14.058281,-13.205936,-25.251217,batch3,2i
ola_mES_2i_3_90.counts,-83.35413,34.59402,25.04951,0.5803702,-4.7133703,-3.6761708,-13.376787,12.70244,3.4685602,1.1835079,batch3,2i
ola_mES_2i_3_91.counts,-41.819916,-65.34906,30.092611,-31.430294,-44.4612,9.611742,-3.8311822,-28.39092,15.117765,-3.332431,batch3,2i
ola_mES_2i_3_92.counts,-53.98611,-19.23331,55.25744,-27.189896,-34.171253,-14.851584,-37.670338,-11.2248955,-6.0080643,4.975749,batch3,2i
ola_mES_2i_3_96.counts,-121.95957,179.55878,52.968452,-33.909584,15.284894,69.42266,26.657782,18.363678,1.2473918,145.11154,batch3,2i
ola_mES_a2i_2_1.counts,-44.58825,60.9961,-41.613045,29.718908,32.58216,26.717216,-42.476456,-8.404782,7.648474,4.40677,batch2,a2i
ola_mES_a2i_2_10.counts,-15.2105875,-40.798004,-35.255436,23.320604,-4.5335364,-9.194363,-19.408268,-14.221488,2.4081094,-0.27044025,batch2,a2i
ola_mES_a2i_2_11.counts,-32.468975,-2.1711028,-31.82985,35.700157,-20.318449,1.0392334,-9.9857025,4.041958,-6.4099884,-13.059213,batch2,a2i
ola_mES_a2i_2_12.counts,-16.133415,-38.060097,-37.493195,17.9742,-25.027481,8.085381,-15.163938,-8.778094,24.818687,13.712283,batch2,a2i
ola_mES_a2i_2_13.counts,20.281162,-75.524956,-16.687979,3.292749,-39.652977,-2.2854543,10.676453,-9.318586,4.669548,8.041497,batch2,a2i
ola_mES_a2i_2_14.counts,-14.816459,-12.453136,-34.709164,27.606306,-0.2822459,-1.5665935,-39.442966,-5.355407,-17.405111,-4.771133,batch2,a2i
ola_mES_a2i_2_15.counts,-51.030674,64.76166,-37.75837,37.91278,-2.7782774,31.31539,14.842237,18.36244,-22.186712,-27.278702,batch2,a2i
ola_mES_a2i_2_16.counts,-37.19657,28.0474,-28.969519,32.81334,-13.660629,-5.9184456,-25.178377,-15.645919,-17.36827,-10.411454,batch2,a2i
ola_mES_a2i_2_17.counts,-16.004877,-28.097517,-42.555214,24.532085,4.9658217,13.600481,-37.30944,1.4667635,-20.53606,9.334186,batch2,a2i
ola_mES_a2i_2_18.counts,-29.415514,-13.586792,-20.08856,34.50823,-1.4347581,-9.694073,-28.29912,-0.7529505,-4.150205,0.88765323,batch2,a2i
ola_mES_a2i_2_19.counts,-60.011192,56.012814,-26.193192,30.926283,-40.060528,-14.132417,17.147213,-26.645418,23.347483,21.12611,batch2,a2i
ola_mES_a2i_2_2.counts,-59.34168,79.36803,-16.095976,18.532448,21.030497,-18.831116,-20.124683,-24.476112,-14.931811,-44.228622,batch2,a2i
ola_mES_a2i_2_20.counts,-27.830208,3.7524836,-33.310387,10.533597,-33.423435,-7.500318,-3.6696222,-16.646767,10.2400465,21.072912,batch2,a2i
ola_mES_a2i_2_21.counts,-43.80066,8.1136875,5.200437,41.9185,-37.137337,-8.395367,20.872566,49.008656,-32.602043,-8.670914,batch2,a2i
ola_mES_a2i_2_22.counts,-24.898453,-6.5780315,-32.126915,33.40117,2.4628866,14.62169,-42.751163,12.34251,2.7498903,17.694937,batch2,a2i
ola_mES_a2i_2_23.counts,0.430213,-53.783867,-22.809042,36.997402,-25.630287,14.629309,1.9694653,24.373827,-18.415695,-3.1076999,batch2,a2i
ola_mES_a2i_2_24.counts,-8.770623,-27.919132,-29.548,24.465166,-47.517925,12.020995,34.845837,5.029184,-13.572609,-19.600925,batch2,a2i
ola_mES_a2i_2_25.counts,-63.780678,47.322403,-3.2638597,25.798925,-43.737812,6.7141285,52.28287,9.7028675,0.93556094,-19.647627,batch2,a2i
ola_mES_a2i_2_26.counts,-1.0583879,-51.419807,-20.741564,25.884594,-31.680902,-10.633387,-10.248553,-12.756472,-2.0827317,-0.8110137,batch2,a2i
ola_mES_a2i_2_27.counts,-4.9575553,-50.048862,-11.465663,25.311304,-47.647446,-5.556406,5.1223555,16.44859,-0.71949065,-5.9848795,batch2,a2i
ola_mES_a2i_2_28.counts,0.9354486,-42.38552,-34.83559,23.28463,-8.279875,20.570045,-24.652618,17.607122,-22.044874,-4.560557,batch2,a2i
ola_mES_a2i_2_29.counts,-34.482708,-30.718641,-39.498272,24.21398,-22.855162,-3.676779,-7.704772,-10.545309,14.373368,24.013468,batch2,a2i
ola_mES_a2i_2_3.counts,-26.182222,3.5206842,-20.080734,28.565918,-46.491917,16.139357,26.567799,16.320766,-9.937746,-29.394432,batch2,a2i
ola_mES_a2i_2_30.counts,-9.712106,-65.70396,-32.824284,33.368916,0.525069,-12.583797,-23.856165,2.624346,-29.034077,10.433826,batch2,a2i
ola_mES_a2i_2_31.counts,-59.43494,29.867952,-29.99079,47.213493,-11.203465,-2.120238,5.770961,3.518732,-17.436087,3.0432606,batch2,a2i
ola_mES_a2i_2_32.counts,-1.9287012,-58.464153,-32.816113,20.317345,-39.42527,9.237152,1.6171949,-1.3906502,-7.4908314,1.1681287,batch2,a2i
ola_mES_a2i_2_33.counts,-15.187293,-16.874535,-33.49972,27.277208,-16.869125,17.33669,-13.651953,12.432112,-14.048239,-0.74500895,batch2,a2i
ola_mES_a2i_2_34.counts,3.1739542,-40.38398,-42.510185,17.067797,-34.797215,-2.0204601,5.2153177,-4.9517083,4.2998643,8.624979,batch2,a2i
ola_mES_a2i_2_35.counts,10.207541,-69.221924,-24.287676,22.018196,-17.00051,-15.679612,-25.502827,24.305382,-17.11991,16.987505,batch2,a2i
ola_mES_a2i_2_36.counts,-10.398332,-47.413223,-48.14954,27.466368,23.243517,2.4986548,-22.337563,-1.947265,-36.36153,13.782802,batch2,a2i
ola_mES_a2i_2_37.counts,4.410348,-63.134125,-27.298344,27.191786,-44.774426,-6.1895375,-2.4641914,3.2982569,-8.148232,9.468506,batch2,a2i
ola_mES_a2i_2_38.counts,-2.7434478,-25.449902,-33.677654,16.856947,-16.977278,-8.905373,-22.443342,-11.266673,-10.979032,3.8309355,batch2,a2i
ola_mES_a2i_2_39.counts,-15.059384,-28.066301,-39.983166,20.039684,-17.842882,5.6226654,-0.02797632,1.67616,-2.9441025,9.850707,batch2,a2i
ola_mES_a2i_2_4.counts,-20.62519,-10.232424,-35.823933,21.436924,-0.3051734,-9.187552,-34.843697,-11.158466,4.81397,-3.2051392,batch2,a2i
ola_mES_a2i_2_40.counts,-12.266414,-42.211044,-34.67306,24.193428,-22.639832,6.7157826,2.7907495,16.523884,-22.79034,-7.652036,batch2,a2i
ola_mES_a2i_2_41.counts,-31.19656,-7.266716,-29.717102,32.697506,-36.22584,-2.4219182,34.087624,-2.3935256,-25.287834,0.46636668,batch2,a2i
ola_mES_a2i_2_42.counts,-35.698147,3.0963495,-30.053974,35.48421,1.0771049,-1.8597498,-29.271318,-11.244038,-19.570103,-11.281693,batch2,a2i
ola_mES_a2i_2_43.counts,10.059164,-46.880917,-25.594316,12.935694,-20.60414,-30.014801,-14.018758,-20.29072,-21.693935,4.5814476,batch2,a2i
ola_mES_a2i_2_44.counts,-57.047913,53.377705,-14.1965,19.653996,-11.473777,-3.388181,3.10008,-22.682785,-36.956753,-11.6222725,batch2,a2i
ola_mES_a2i_2_45.counts,-9.780949,-9.867468,-24.123804,15.717993,-9.5543785,-35.44372,-34.313557,6.2067184,-16.432865,1.6093965,batch2,a2i
ola_mES_a2i_2_46.counts,-64.37284,84.373405,-6.044458,21.149849,-39.653698,-65.79611,22.74695,-54.430046,15.188431,-1.3326291,batch2,a2i
ola_mES_a2i_2_47.counts,-28.8386,4.314297,-31.8637,43.341526,-35.03241,4.6595006,-0.43835336,-4.394124,-2.7668736,12.875047,batch2,a2i
ola_mES_a2i_2_48.counts,8.233914,-43.55695,-37.148964,27.540985,-9.847497,20.177141,-9.324707,20.265137,-24.829813,11.867347,batch2,a2i
ola_mES_a2i_2_49.counts,-64.46221,73.17356,-27.488144,35.8933,-12.732941,-22.579338,-2.913194,-6.454883,10.468832,23.48002,batch2,a2i
ola_mES_a2i_2_5.counts,-36.547165,7.239621,-45.23086,29.38571,6.7724195,22.407175,-14.217272,5.0114484,-6.0030303,-6.0990067,batch2,a2i
ola_mES_a2i_2_50.counts,-18.51621,-17.871258,-34.58638,23.261835,-47.23857,4.9012575,19.829649,7.6186256,-8.938676,-7.5126038,batch2,a2i
ola_mES_a2i_2_51.counts,-20.573586,-34.53993,-30.986368,20.32062,-16.909094,-14.647577,-2.2642267,2.3511033,-4.302782,20.575104,batch2,a2i
ola_mES_a2i_2_52.counts,-6.2535667,-49.499958,-36.95529,19.30519,-15.5643425,26.682186,-7.5005236,7.802949,-22.90749,4.220781,batch2,a2i
ola_mES_a2i_2_53.counts,1.2341818,-56.332905,-43.572216,17.7416,-29.89624,22.119377,-2.1863613,3.334851,-10.731121,0.22218001,batch2,a2i
ola_mES_a2i_2_54.counts,-36.963757,10.456368,-33.0558,30.519058,-26.174788,9.62067,3.6684177,-18.69752,8.470527,15.5965,batch2,a2i
ola_mES_a2i_2_55.counts,-68.09617,69.88779,-6.710154,37.39679,-2.130165,-24.78314,-22.931265,-36.74961,-10.466212,2.3123088,batch2,a2i
ola_mES_a2i_2_56.counts,7.201893,-62.06974,-13.422933,20.133152,-31.58951,-26.765724,-17.597788,-8.448983,-4.263315,11.596205,batch2,a2i
ola_mES_a2i_2_57.counts,-45.942326,12.200305,-40.017937,30.950996,-2.4158247,22.12851,2.2017915,0.8576887,-42.459175,-3.6024468,batch2,a2i
ola_mES_a2i_2_59.counts,-52.13898,33.20542,-32.081604,36.61202,-9.362825,15.093916,-1.8031682,-19.25183,11.071514,14.3872175,batch2,a2i
ola_mES_a2i_2_6.counts,6.5364323,-72.52264,-11.9837055,13.8020735,-30.521101,-16.48688,-10.533535,-7.288748,7.7118382,5.233712,batch2,a2i
ola_mES_a2i_2_60.counts,-4.4145417,-52.197357,-13.904542,23.521688,-39.008408,-36.549446,-27.924011,-15.653221,-1.6705714,4.709014,batch2,a2i
ola_mES_a2i_2_61.counts,-7.830903,-56.265617,-16.218657,20.900269,-26.637707,-31.772692,-23.680614,-9.684639,15.949232,25.076906,batch2,a2i
ola_mES_a2i_2_62.counts,-40.02235,43.4379,-13.804211,38.036182,-22.971424,1.056623,8.457715,5.987643,-17.57496,4.5890837,batch2,a2i
ola_mES_a2i_2_63.counts,-10.736409,-61.078186,-26.242176,21.042498,-26.525192,3.295937,-5.038576,-12.472207,-4.8159466,3.7629516,batch2,a2i
ola_mES_a2i_2_64.counts,-21.6977,-37.551563,-32.554874,21.857567,-39.78638,6.85084,6.765011,-11.226067,4.0084023,17.755566,batch2,a2i
ola_mES_a2i_2_65.counts,-11.331776,-49.87268,-33.827374,27.967766,-34.617325,-1.2209476,2.164631,3.5092816,1.2485893,20.346052,batch2,a2i
ola_mES_a2i_2_66.counts,-44.768703,65.428764,-27.098362,13.617357,-21.345156,-32.827995,10.546255,-59.68625,-12.195761,-14.292235,batch2,a2i
ola_mES_a2i_2_67.counts,-9.103956,-53.14927,-18.892572,14.498792,-21.432486,3.8780923,-3.4304373,9.962868,-11.542361,-1.7353766,batch2,a2i
ola_mES_a2i_2_68.counts,-23.080694,10.626296,-13.23495,15.8188095,-59.718388,-48.563778,13.285528,-19.913662,-1.4035331,-4.797489,batch2,a2i
ola_mES_a2i_2_69.counts,-15.270831,-13.045934,-31.858545,15.8352995,-49.569366,6.8979425,-7.3574786,-14.545651,30.03947,15.538307,batch2,a2i
ola_mES_a2i_2_7.counts,-26.891836,-42.586155,-25.395565,25.687828,-5.259803,10.873481,-4.3926897,-8.913195,-11.512405,-11.506736,batch2,a2i
ola_mES_a2i_2_70.counts,-6.1909513,-51.91407,-25.812712,28.769533,-27.35804,17.349741,7.1560907,11.430736,-34.828434,-7.8499355,batch2,a2i
ola_mES_a2i_2_71.counts,-37.664207,3.3364017,-36.410122,24.12685,23.81528,17.144783,-22.708284,-13.406414,0.36026654,29.207788,batch2,a2i
ola_mES_a2i_2_72.counts,7.4151225,-55.671417,-40.20463,29.597849,-29.08558,1.3068957,-8.797948,5.2783403,-11.740041,17.483635,batch2,a2i
ola_mES_a2i_2_73.counts,-40.448803,20.547653,-17.371784,27.843298,-35.5968,-8.066258,4.0391417,9.075756,11.157302,0.06705139,batch2,a2i
ola_mES_a2i_2_74.counts,15.027434,-30.532887,9.839586,42.71973,-6.4737635,7.3666687,-16.640778,14.138554,-4.57499,14.402291,batch2,a2i
ola_mES_a2i_2_75.counts,-12.899866,-4.7974825,-13.3815565,14.249551,-70.09888,-24.11356,46.057114,-8.563174,-3.9690135,-11.414986,batch2,a2i
ola_mES_a2i_2_76.counts,-6.42894,-26.70046,-38.415733,23.865133,-3.0187786,3.1905034,-20.368448,9.675916,-13.361472,17.521996,batch2,a2i
ola_mES_a2i_2_77.counts,-13.644594,-42.4931,-40.206913,19.709026,-1.9885125,15.383306,-9.94385,1.3003544,-14.0672865,10.440622,batch2,a2i
ola_mES_a2i_2_78.counts,-18.200819,-13.430224,-36.217308,26.029902,-11.023623,4.811695,-15.266882,-2.679117,-13.743929,-0.8449957,batch2,a2i
ola_mES_a2i_2_8.counts,-68.87511,112.38717,-15.132148,29.831802,27.231167,20.87772,-3.7557628,34.16541,-44.710617,-25.894367,batch2,a2i
ola_mES_a2i_2_80.counts,-50.398113,52.503937,-15.43313,23.650433,-29.995962,-26.34138,-14.217533,-48.80492,7.2523217,6.8548083,batch2,a2i
ola_mES_a2i_2_81.counts,-32.82724,8.83305,-11.495397,34.558273,-53.276302,-11.587713,19.101053,27.112633,23.908031,14.616898,batch2,a2i
ola_mES_a2i_2_82.counts,-51.81016,64.33428,-45.98187,21.82832,-13.375119,0.048203286,1.3456877,-42.317554,-0.55363494,15.428805,batch2,a2i
ola_mES_a2i_2_83.counts,-53.897324,57.416435,-23.512363,25.822384,-14.1246195,-2.7390485,25.289875,-14.059752,4.364068,9.280828,batch2,a2i
ola_mES_a2i_2_84.counts,-0.96425295,-39.716957,-31.713512,15.879059,-25.554966,6.624365,-20.266455,-25.643969,-9.439815,19.221157,batch2,a2i
ola_mES_a2i_2_86.counts,-100.05845,180.33025,9.386082,35.515106,-34.237484,-29.750767,46.39386,-47.165466,-51.03,51.023094,batch2,a2i
ola_mES_a2i_2_87.counts,-29.91247,26.129162,-26.832869,23.843441,-32.562996,4.133624,10.3971,18.822798,-29.45959,-19.705858,batch2,a2i
ola_mES_a2i_2_88.counts,-26.403824,11.2784605,-38.02938,34.331055,-8.176989,30.706081,13.833612,15.555713,-12.174766,-5.197875,batch2,a2i
ola_mES_a2i_2_89.counts,6.628925,-52.744823,-34.072994,17.776314,-24.007702,16.89726,7.457541,4.879344,-11.045901,2.250288,batch2,a2i
ola_mES_a2i_2_9.counts,-45.24165,11.137174,-23.60899,27.681602,26.059551,-24.881784,-49.402267,-10.994205,-3.279962,0.8625571,batch2,a2i
ola_mES_a2i_2_90.counts,-52.51942,37.94157,-15.442297,41.36204,3.244722,19.91094,-15.173941,20.655756,-21.622698,12.567184,batch2,a2i
ola_mES_a2i_2_91.counts,-11.191962,-34.695824,-34.227715,14.853852,-44.668133,5.87783,-0.42875677,6.5052853,-0.2943238,-4.536742,batch2,a2i
ola_mES_a2i_2_92.counts,-12.004234,-56.66551,-20.154242,15.913934,-27.256115,2.6900084,3.5852857,6.6976027,3.2924707,-4.190409,batch2,a2i
ola_mES_a2i_2_93.counts,27.416693,-75.00236,-13.480651,5.331797,-35.699173,-34.7384,2.9224114,-7.0954943,-9.697929,-5.8867693,batch2,a2i
ola_mES_a2i_2_94.counts,-41.812016,26.147762,-42.901268,37.16047,-14.036885,7.061653,-17.22664,5.3665905,-12.221655,6.9581265,batch2,a2i
ola_mES_a2i_2_95.counts,-17.397337,-26.9188,-37.931713,25.482021,-14.431889,9.685839,-8.483561,-2.2481475,-22.445173,-12.852055,batch2,a2i
ola_mES_a2i_2_96.counts,10.984219,-41.796806,-35.150837,17.644045,-11.978214,6.4160576,-14.659845,7.1999,-18.129765,-9.238178,batch2,a2i
ola_mES_a2i_3_10.counts,-34.518353,-10.105069,-26.799206,19.541313,28.77816,27.869242,-12.624807,31.73812,10.878987,-10.213201,batch3,a2i
ola_mES_a2i_3_11.counts,-3.6922686,-79.66891,-36.566216,2.7829926,-10.539489,0.06238957,-11.354791,9.934282,14.734069,-17.693964,batch3,a2i
ola_mES_a2i_3_13.counts,-25.408054,-44.20241,-45.343323,10.982641,-19.334053,15.850287,11.194358,0.9182441,20.372189,-30.26686,batch3,a2i
ola_mES_a2i_3_16.counts,-72.40639,107.089645,-27.701744,15.765553,-2.3597498,3.8894348,-11.319761,2.5805478,7.3626323,-8.419183,batch3,a2i
ola_mES_a2i_3_17.counts,-44.591076,15.385057,-46.31415,23.05976,7.517367,28.837315,22.010118,25.776438,-0.16009794,-36.234035,batch3,a2i
ola_mES_a2i_3_18.counts,-30.31815,22.537493,-44.671524,13.6915655,-1.5527326,22.267784,5.4958606,8.919077,13.013934,-10.403406,batch3,a2i
ola_mES_a2i_3_2.counts,-46.38505,1.6410624,-47.85029,26.16477,18.139532,21.363962,-29.807432,5.016312,12.097592,-6.9592066,batch3,a2i
ola_mES_a2i_3_20.counts,-38.67212,8.433114,-43.37331,17.071487,10.567254,19.49412,-17.639622,4.3142734,12.876598,-15.082103,batch3,a2i
ola_mES_a2i_3_21.counts,-33.496876,16.68716,-37.61529,15.348227,-3.8348737,12.174008,-16.248142,6.3774457,28.66454,-18.507046,batch3,a2i
ola_mES_a2i_3_22.counts,-71.706535,72.15667,-24.841276,15.473192,-1.53311,-24.623465,1.1576815,-6.4311438,12.042142,-30.07534,batch3,a2i
ola_mES_a2i_3_24.counts,-5.88601,-56.106472,-55.051247,1.4554774,-22.274546,-11.724011,3.3361888,-13.713807,30.906672,6.357125,batch3,a2i
ola_mES_a2i_3_25.counts,-48.247055,41.20171,-38.71192,10.961939,13.156531,-3.0065112,-17.102211,-28.202387,17.877563,-8.855764,batch3,a2i
ola_mES_a2i_3_26.counts,-57.230125,54.55371,-25.126854,24.657444,20.905615,-30.705515,-32.866608,13.864092,4.77338,-8.893187,batch3,a2i
ola_mES_a2i_3_28.counts,-52.993412,49.334167,-35.188267,25.48129,25.238602,8.030785,-13.139434,12.01373,-0.73668265,-11.633124,batch3,a2i
ola_mES_a2i_3_29.counts,-73.147484,51.73813,-25.164068,34.24729,20.877867,-21.012241,-15.191564,-2.753502,3.5711036,-12.180179,batch3,a2i
ola_mES_a2i_3_3.counts,-40.402225,-18.100252,-51.36499,18.66939,17.680243,15.015055,-30.50147,-10.480021,24.188534,-13.689353,batch3,a2i
ola_mES_a2i_3_30.counts,-60.621227,44.658123,-28.114954,34.874493,-31.72562,-12.259525,9.970109,4.0079856,38.48704,17.60757,batch3,a2i
ola_mES_a2i_3_31.counts,-7.668408,-27.917501,-41.74102,13.773231,-24.575203,15.089054,40.76675,2.8850267,8.757759,-22.207417,batch3,a2i
ola_mES_a2i_3_33.counts,-35.33409,12.1521635,-60.091297,25.286203,24.430174,8.695774,-12.873792,5.7490444,25.18951,11.276469,batch3,a2i
ola_mES_a2i_3_34.counts,-75.5874,66.00598,-32.46971,29.370937,13.371696,7.198596,10.626222,4.307441,5.099335,-14.002165,batch3,a2i
ola_mES_a2i_3_37.counts,-9.872868,-52.764957,-61.828136,28.14351,-3.102946,14.479284,-7.902752,3.780787,26.828382,11.997587,batch3,a2i
ola_mES_a2i_3_38.counts,-66.51644,25.221935,-26.538595,24.125805,23.050737,16.175236,8.092233,23.88014,8.767458,-7.5082817,batch3,a2i
ola_mES_a2i_3_39.counts,-60.597946,63.09879,4.744158,36.746708,-39.587177,-62.277317,2.7991204,41.469696,13.680559,-7.238711,batch3,a2i
ola_mES_a2i_3_4.counts,-24.662693,-26.650711,-40.227966,30.578312,2.369827,36.92438,10.345585,29.240654,26.334677,-8.623273,batch3,a2i
ola_mES_a2i_3_40.counts,-66.43784,70.933365,-40.391647,21.853676,20.681908,-7.53734,-5.6703596,-17.434717,10.026092,-13.637075,batch3,a2i
ola_mES_a2i_3_41.counts,-57.731926,62.764225,-34.090115,22.112352,11.783833,5.3799243,4.734503,15.812128,-0.8030472,-9.521103,batch3,a2i
ola_mES_a2i_3_42.counts,-64.99633,67.36803,-28.231655,23.92425,-2.8383343,-6.3715515,2.5606813,-33.725708,12.022634,-11.434922,batch3,a2i
ola_mES_a2i_3_44.counts,-58.22194,60.578728,-22.592901,27.28567,5.9302306,-40.476826,-16.07803,9.530651,19.531765,6.9296227,batch3,a2i
ola_mES_a2i_3_45.counts,-67.57412,21.529087,-30.48724,21.739237,3.0637705,-6.2570453,17.267666,-12.76479,22.95801,4.7594857,batch3,a2i
ola_mES_a2i_3_47.counts,-57.34643,35.862877,-20.513096,-3.7441165,-26.664953,-18.459745,36.63188,-15.296122,26.433493,-17.745829,batch3,a2i
ola_mES_a2i_3_49.counts,-46.296177,42.6325,-33.9052,14.147376,21.937237,-5.6388254,-5.5096736,-5.1598506,13.080955,-4.940732,batch3,a2i
ola_mES_a2i_3_50.counts,-39.268936,-10.266463,-48.31227,20.000122,19.69189,17.455204,-38.46887,-8.82953,13.600749,0.38130665,batch3,a2i
ola_mES_a2i_3_52.counts,-25.124964,-45.094086,-39.23186,22.195307,2.1674547,-31.391819,-10.816952,-4.321933,22.869059,11.790784,batch3,a2i
ola_mES_a2i_3_54.counts,-95.85242,167.02965,-0.45015228,14.5152235,3.218732,-8.329651,11.148989,20.8925,-3.0766542,0.7775452,batch3,a2i
ola_mES_a2i_3_56.counts,-41.66408,4.6136866,-46.795486,27.042316,-3.231105,3.896305,4.8899965,-19.154495,31.461147,5.9005346,batch3,a2i
ola_mES_a2i_3_58.counts,0.045527913,-69.95944,-43.502052,22.655273,-1.2420065,9.173032,-13.168211,7.28256,5.8745685,6.376906,batch3,a2i
ola_mES_a2i_3_59.counts,-54.20286,64.27082,-40.95094,27.462048,32.68087,-2.9629297,-17.77561,-3.9465084,-0.9905682,-5.6647253,batch3,a2i
ola_mES_a2i_3_6.counts,-71.018906,78.62978,-34.225433,24.063944,33.54831,5.0537686,4.919936,-2.9963906,12.218199,-19.76528,batch3,a2i
ola_mES_a2i_3_62.counts,-13.257948,-38.384037,-35.703815,14.4291115,3.1391308,1.7147471,-2.5555305,33.372314,32.303707,7.1627374,batch3,a2i
ola_mES_a2i_3_64.counts,-30.402704,1.1113263,-57.128765,10.08949,16.121525,29.398262,4.1997333,-0.99043506,0.5176605,-2.2946715,batch3,a2i
ola_mES_a2i_3_65.counts,-69.98066,77.82879,-26.515858,25.531826,4.019476,-20.173235,24.126646,-0.8686616,11.898488,14.218644,batch3,a2i
ola_mES_a2i_3_66.counts,-24.104574,-10.091651,-52.946533,12.824652,11.263562,-12.402433,-20.109549,4.5614834,23.08994,12.429727,batch3,a2i
ola_mES_a2i_3_67.counts,-41.69766,-1.8643986,-37.776505,20.845268,-10.937257,12.088775,13.873232,11.974258,9.560058,-4.745718,batch3,a2i
ola_mES_a2i_3_68.counts,-6.3618174,-26.718075,-35.320507,19.96147,-8.955687,18.969727,-1.0255477,14.370615,24.694153,-6.6262226,batch3,a2i
ola_mES_a2i_3_69.counts,-64.2372,51.501766,-25.695364,14.522072,13.250383,-28.087616,-10.422512,27.212214,31.44793,21.06709,batch3,a2i
ola_mES_a2i_3_7.counts,-20.392527,-9.884716,-33.09483,23.124617,-20.948143,-11.648201,-12.030499,30.786509,22.610504,-3.0095508,batch3,a2i
ola_mES_a2i_3_71.counts,-68.33283,68.07727,-34.751854,16.082481,16.032728,1.1373024,0.098311275,-10.601686,17.89754,11.1946945,batch3,a2i
ola_mES_a2i_3_73.counts,-7.121366,-54.322674,-53.91876,5.963719,-6.2738953,3.478862,-5.4565797,1.8499961,12.832301,4.322476,batch3,a2i
ola_mES_a2i_3_75.counts,-22.305134,-29.467178,-43.2085,13.973434,-17.524195,14.735321,21.1621,-10.879207,9.435964,-19.378733,batch3,a2i
ola_mES_a2i_3_76.counts,-6.7658753,-43.06215,-47.637524,20.138538,-3.4194064,31.720829,-6.068144,15.751554,10.131445,2.212219,batch3,a2i
ola_mES_a2i_3_77.counts,-40.995296,14.3495,-55.87519,20.986595,14.981394,21.64948,-0.31498063,3.332817,10.838161,9.115683,batch3,a2i
ola_mES_a2i_3_8.counts,-77.87973,104.709015,13.668086,10.600259,-5.718843,-0.8807125,-8.030965,46.46009,4.999326,4.590796,batch3,a2i
ola_mES_a2i_3_80.counts,-6.0621867,-67.179695,-59.25066,9.607885,-3.3016748,6.796755,-1.4622682,-0.5247147,34.407166,3.6062713,batch3,a2i
ola_mES_a2i_3_81.counts,9.669474,-81.10068,-52.848614,8.646837,9.153018,1.9343882,-10.701488,16.060852,7.9732246,-3.344041,batch3,a2i
ola_mES_a2i_3_82.counts,-74.16658,48.850414,-29.024178,10.389461,13.986879,-0.6297662,-3.841611,3.048351,27.797117,18.077105,batch3,a2i
ola_mES_a2i_3_83.counts,-0.58688325,-57.086597,-44.643883,14.366004,-21.616005,14.616458,21.37763,-1.2524722,6.1407523,-16.930353,batch3,a2i
ola_mES_a2i_3_84.counts,-12.329733,-41.41901,-47.764168,19.837288,-1.9673654,-13.16622,-6.000325,-20.1529,8.005577,1.0771981,batch3,a2i
ola_mES_a2i_3_85.counts,-21.031052,17.157934,-25.825788,27.918364,-29.01906,3.8238559,32.51369,32.94006,-7.755338,-28.344467,batch3,a2i
ola_mES_a2i_3_86.counts,-51.66294,48.778183,-26.812508,23.641672,-1.8451036,-1.5041478,7.828789,3.2844088,11.658234,-15.96035,batch3,a2i
ola_mES_a2i_3_89.counts,-57.619602,57.258877,-37.556885,11.839792,15.430881,0.55823374,-15.226032,-23.232882,4.3832884,-16.626768,batch3,a2i
ola_mES_a2i_3_9.counts,-37.145767,13.102381,-43.852055,5.4202404,-1.1112312,-4.7680693,-5.581407,-12.191161,12.566926,-31.7818,batch3,a2i
ola_mES_a2i_3_90.counts,-70.43592,76.45432,12.669842,4.971718,-5.0314794,5.9532084,64.850296,41.121864,2.993072,-11.008693,batch3,a2i
ola_mES_a2i_3_91.counts,-40.62244,-16.481373,-48.687675,9.310193,16.902142,13.406155,-1.3229889,1.9403422,34.511456,7.5592194,batch3,a2i
ola_mES_a2i_3_92.counts,-42.33629,-39.84408,-35.57772,25.974316,13.38853,7.802022,4.756376,15.177722,10.49678,6.974941,batch3,a2i
ola_mES_a2i_3_94.counts,-45.671764,32.050865,-52.77559,36.37557,48.62086,-8.042025,34.137016,0.24059394,-16.137518,-8.282876,batch3,a2i
ola_mES_a2i_3_96.counts,1.5267969,-67.632095,-36.336628,26.180067,-4.6902437,5.616549,-11.7334,29.57404,12.880574,-10.271952,batch3,a2i
ola_mES_lif_2_1.counts,92.196045,33.267128,-4.8204007,-35.741062,-9.212372,-1.9275311,-14.299703,-6.949226,23.961853,-19.126661,batch2,lif
ola_mES_lif_2_10.counts,83.39856,21.778612,-6.317305,-37.03978,-41.542427,-8.988783,26.999777,-14.233974,21.107244,-17.23537,batch2,lif
ola_mES_lif_2_11.counts,58.11607,35.413765,-15.919928,-45.549778,-4.6075087,-30.046295,-2.8061318,23.926922,11.208742,-5.8931413,batch2,lif
ola_mES_lif_2_12.counts,119.611946,44.983448,120.31212,95.36222,-1.1935525,40.100346,-26.797369,7.666132,24.173853,5.266539,batch2,lif
ola_mES_lif_2_13.counts,69.82415,83.48312,31.852077,-49.763126,-21.486027,-50.594055,-27.467062,22.1034,41.151363,-10.4627285,batch2,lif
ola_mES_lif_2_14.counts,120.59043,13.2050905,2.8985703,-31.862598,-2.9700809,33.63046,3.7443566,-12.566666,6.760113,-27.787642,batch2,lif
ola_mES_lif_2_15.counts,74.37133,60.835926,26.659046,-19.440052,-5.3915524,-24.486761,-37.701794,45.148422,18.866993,-5.4957776,batch2,lif
ola_mES_lif_2_16.counts,45.16021,85.20045,-11.322864,-30.099379,6.066772,-12.603082,-4.947914,22.249975,16.7341,-19.210726,batch2,lif
ola_mES_lif_2_17.counts,41.072803,37.86057,-13.901351,-12.591238,19.074244,23.467352,-5.0343437,43.86902,-16.62458,13.683541,batch2,lif
ola_mES_lif_2_18.counts,59.331814,45.41598,-30.45504,-32.362194,2.6545322,10.692185,11.046627,17.465757,8.266829,-10.664251,batch2,lif
ola_mES_lif_2_19.counts,77.2857,47.091267,-22.956648,-34.631878,28.757017,15.361499,-15.571313,13.799637,7.464292,-7.791167,batch2,lif
ola_mES_lif_2_2.counts,59.375027,32.21491,-33.047363,-32.394108,25.785534,21.749355,-8.337336,20.52756,-2.850251,-25.746317,batch2,lif
ola_mES_lif_2_20.counts,108.51222,35.750744,11.231533,-19.076406,-16.36422,37.74118,-0.14179023,-18.831608,12.859225,-14.277707,batch2,lif
ola_mES_lif_2_21.counts,86.805504,72.589676,16.409117,-19.168306,9.500462,8.374384,-13.069914,-24.118858,25.00252,-24.998083,batch2,lif
ola_mES_lif_2_23.counts,58.414455,4.5134053,-20.667076,-39.60942,-12.04609,-16.14013,5.816826,32.974415,16.361605,11.291988,batch2,lif
ola_mES_lif_2_25.counts,91.40066,16.442293,-11.171338,-45.619457,-30.499773,4.2231255,-1.9875177,-21.132751,28.982922,-8.969273,batch2,lif
ola_mES_lif_2_26.counts,56.871143,98.27053,8.638471,-24.219082,24.001036,-10.70851,-5.5740175,-2.1916697,-7.3319864,-43.37179,batch2,lif
ola_mES_lif_2_27.counts,56.54293,17.53927,-37.18132,-43.479958,-8.989569,0.5295498,3.407733,22.288279,4.8869705,5.394277,batch2,lif
ola_mES_lif_2_28.counts,78.803734,32.298317,-10.289736,-29.08962,3.8694057,-2.9807892,-10.891197,-10.255943,9.082866,-7.9311395,batch2,lif
ola_mES_lif_2_29.counts,71.49981,46.1621,-28.098484,-51.81686,-7.844215,21.421345,-0.47250086,4.4180765,7.333158,0.018604714,batch2,lif
ola_mES_lif_2_3.counts,59.07266,25.79955,-33.441437,-45.090656,7.1914434,21.291368,-7.3816166,-2.9250596,19.282818,-9.22419,batch2,lif
ola_mES_lif_2_30.counts,110.540215,22.130516,47.459583,41.18008,7.6066966,27.009031,-18.093176,22.375011,14.482275,14.2124,batch2,lif
ola_mES_lif_2_31.counts,107.79616,34.978443,43.923576,5.563225,-31.991241,-11.442897,19.354496,21.478035,25.338348,-18.083086,batch2,lif
ola_mES_lif_2_32.counts,52.91218,49.67693,-31.93645,-46.04065,0.43705824,13.992253,-15.6157465,17.85283,4.7308617,2.5633795,batch2,lif
ola_mES_lif_2_33.counts,81.82737,41.14153,-15.256116,-39.162476,-14.468313,8.313651,-5.087184,-6.865842,14.547046,-20.878119,batch2,lif
ola_mES_lif_2_34.counts,104.221985,2.3169336,18.233604,-7.2462463,-11.928542,7.7624393,-5.119525,7.876372,7.471022,-3.6365051,batch2,lif
ola_mES_lif_2_35.counts,15.54437,114.13706,-17.782671,-32.354298,2.123526,-6.6952653,-1.2797184,23.923603,12.227394,9.932766,batch2,lif
ola_mES_lif_2_36.counts,128.3631,0.77242863,33.060192,18.175714,-25.89719,25.245363,8.820521,-5.4593344,14.879917,-4.9426994,batch2,lif
ola_mES_lif_2_37.counts,97.09443,4.4491577,-19.440186,-33.57237,-8.395096,4.769382,-5.6090508,-2.935091,11.251786,2.9805079,batch2,lif
ola_mES_lif_2_38.counts,67.02532,27.55865,-16.60752,-23.924452,23.270094,22.252495,-10.029355,11.395545,-1.3093144,3.6491153,batch2,lif
ola_mES_lif_2_39.counts,73.86053,33.08176,-18.943874,-36.722,7.364181,-4.0304856,-26.565691,-7.2852187,11.571894,4.3570485,batch2,lif
ola_mES_lif_2_4.counts,63.998646,9.969031,-2.6092746,-49.257126,-10.471864,-29.993301,-0.7299302,47.463314,3.6395552,3.094848,batch2,lif
ola_mES_lif_2_40.counts,80.838196,42.76216,15.604431,-16.994726,18.595413,-12.318131,-7.088074,34.449932,-0.59778386,8.590723,batch2,lif
ola_mES_lif_2_41.counts,112.70222,15.30897,9.426056,-10.731561,-16.793993,16.199442,8.962335,-26.339796,6.280059,-21.69786,batch2,lif
ola_mES_lif_2_42.counts,31.310692,85.55887,-29.873648,-32.70639,28.767233,2.63728,-17.187807,30.485645,-4.779973,14.001683,batch2,lif
ola_mES_lif_2_43.counts,18.453716,115.05564,-14.222936,-29.350004,-12.437749,-1.8698952,43.71017,14.960954,7.8171625,-1.9639949,batch2,lif
ola_mES_lif_2_44.counts,55.008213,39.502373,-6.514082,-34.915806,-7.442261,-19.38618,5.2766547,39.900314,-10.321223,2.446206,batch2,lif
ola_mES_lif_2_45.counts,121.23228,36.379772,89.93397,51.623787,-16.9676,-36.225945,-29.820753,22.380924,25.987858,-3.3729916,batch2,lif
ola_mES_lif_2_46.counts,22.749487,102.90872,-7.35381,-36.360455,2.3763242,-58.58245,-6.1890135,37.685658,22.78777,-8.930873,batch2,lif
ola_mES_lif_2_47.counts,85.69009,8.86301,-25.303259,-45.543457,-10.221378,-0.6467631,0.9466507,8.57207,7.513927,7.052186,batch2,lif
ola_mES_lif_2_48.counts,107.42286,2.3401096,49.442707,36.94126,-7.1811185,13.169531,-10.361677,17.971558,2.8144872,8.9485855,batch2,lif
ola_mES_lif_2_49.counts,78.86978,52.49996,-15.702457,-33.869072,-1.8855969,32.848286,5.6046467,-27.684397,17.411526,-3.6453617,batch2,lif
ola_mES_lif_2_5.counts,80.016785,75.627556,11.023174,-14.605557,-21.186548,22.74501,22.577051,-17.374424,28.892454,-23.788301,batch2,lif
ola_mES_lif_2_50.counts,50.746258,54.625755,-28.412975,-38.071327,-3.9900668,8.534964,19.567457,6.2917776,-6.3624277,0.17822112,batch2,lif
ola_mES_lif_2_51.counts,56.981346,6.458665,-38.82576,-38.662025,-2.8175137,7.9348216,4.3293543,11.647227,-4.708527,2.0879478,batch2,lif
ola_mES_lif_2_52.counts,42.80549,42.05106,-26.866068,-28.796614,13.430934,-9.549304,-8.507376,-4.901868,-3.734508,-7.1641955,batch2,lif
ola_mES_lif_2_53.counts,91.48289,62.85594,94.97331,55.55493,-9.910151,24.762888,5.487755,-7.673725,20.110413,8.074106,batch2,lif
ola_mES_lif_2_54.counts,70.30821,21.10956,-22.92817,-35.507027,-1.1731542,-3.0583627,-8.330962,-3.5793772,2.1813703,9.11775,batch2,lif
ola_mES_lif_2_55.counts,101.81482,37.41921,2.5398612,-14.638487,3.9734569,20.809368,-20.125778,-16.531204,-0.9858468,-24.692738,batch2,lif
ola_mES_lif_2_56.counts,123.84356,33.67588,41.174797,13.097499,-8.0647545,13.688775,-16.543842,-28.867865,12.477365,-28.319225,batch2,lif
ola_mES_lif_2_57.counts,121.02252,62.16598,134.0155,99.93326,-24.53374,39.567673,7.550906,22.033815,33.41292,-16.8071,batch2,lif
ola_mES_lif_2_58.counts,112.83436,57.244408,61.758698,52.432175,3.6837103,25.511534,-10.259898,-3.9254208,18.673412,5.6701245,batch2,lif
ola_mES_lif_2_59.counts,80.68652,28.078184,-17.614586,-38.153652,-0.9137922,-5.5482006,4.930315,6.1939316,17.082228,15.6446495,batch2,lif
ola_mES_lif_2_6.counts,59.11202,80.12301,-8.18164,-34.486088,-5.6104317,-22.746414,2.969858,-34.98179,37.17418,-38.51995,batch2,lif
ola_mES_lif_2_60.counts,98.053116,19.770443,-26.207043,-34.47874,-9.302142,10.583216,-5.7190237,-26.37397,15.005952,7.86689,batch2,lif
ola_mES_lif_2_61.counts,141.78331,-14.762893,11.203655,-15.513076,-2.316566,13.162371,4.4984612,-15.232403,4.7235894,-4.6476717,batch2,lif
ola_mES_lif_2_63.counts,85.08198,12.957081,-6.5527287,-34.941547,11.093378,-1.852723,-4.0065174,11.662401,8.218756,3.8538494,batch2,lif
ola_mES_lif_2_64.counts,35.745346,88.95199,-12.251498,-18.546955,32.36644,1.039787,-26.324587,24.394274,0.23368852,32.08436,batch2,lif
ola_mES_lif_2_65.counts,33.44384,20.107403,-19.660175,-31.046474,2.8754733,13.654114,19.668772,29.523582,-13.977231,-5.6513467,batch2,lif
ola_mES_lif_2_66.counts,86.43098,31.429882,-20.064291,-30.10292,19.167673,-1.020983,-3.365792,14.216374,-0.025315424,-5.422325,batch2,lif
ola_mES_lif_2_67.counts,55.913895,85.79755,-1.569557,-26.140795,7.9063916,-9.845312,-5.8255463,-15.251681,13.075486,-14.40668,batch2,lif
ola_mES_lif_2_68.counts,82.798225,25.730623,-3.4477327,-32.289803,0.9124133,-2.732356,-15.276041,0.767077,-14.338865,-18.2869,batch2,lif
ola_mES_lif_2_69.counts,111.174484,17.129257,-1.8070619,-45.305088,-12.637201,9.7702055,-0.8884102,-27.508827,36.673164,1.675357,batch2,lif
ola_mES_lif_2_7.counts,33.74692,49.43993,1.1207597,-45.075684,-26.779764,-30.22363,4.7064476,52.892654,9.139629,-25.052439,batch2,lif
ola_mES_lif_2_70.counts,82.89408,45.367603,12.500694,-6.4392834,1.2125676,-6.794486,1.0073816,-4.284904,1.2286545,-18.283087,batch2,lif
ola_mES_lif_2_71.counts,99.147064,18.227282,-12.5651455,-17.00411,5.149573,23.653448,-3.9590237,-3.091322,-6.5391994,0.95645666,batch2,lif
ola_mES_lif_2_72.counts,84.080246,88.790115,43.991432,22.429781,18.576908,25.565899,5.5398054,8.579892,-21.71044,-33.311543,batch2,lif
ola_mES_lif_2_73.counts,151.72409,1.1190369,104.85354,76.16717,-24.919733,23.150963,-5.249859,-2.103822,23.063784,-4.9339023,batch2,lif
ola_mES_lif_2_74.counts,72.54774,14.384335,-19.758734,-40.98647,-14.554635,-6.060671,17.353252,-1.3389195,7.1002307,-9.3104515,batch2,lif
ola_mES_lif_2_75.counts,100.32511,14.536401,55.285255,58.19618,0.8711276,33.701153,-40.710167,24.549627,19.73821,10.167382,batch2,lif
ola_mES_lif_2_76.counts,107.4708,37.47094,48.619835,34.741573,-10.557476,1.8427715,-2.9953513,2.2872036,2.87311,-20.321438,batch2,lif
ola_mES_lif_2_77.counts,63.68363,33.97778,-27.675762,-36.701023,-5.8036437,-14.9192915,-9.531876,-7.6212234,11.962204,-1.0404153,batch2,lif
ola_mES_lif_2_79.counts,58.66458,4.956328,-4.8114233,-34.731976,-8.085053,-6.1631203,5.83812,32.435432,6.2707577,9.160423,batch2,lif
ola_mES_lif_2_8.counts,63.518227,75.81457,-14.463172,-40.01065,15.732668,12.315518,-0.8521354,-2.641597,40.14888,-2.479479,batch2,lif
ola_mES_lif_2_80.counts,16.486263,98.02715,8.938188,-18.093092,-26.274511,-15.762709,32.851433,-20.59796,-31.605436,-21.461973,batch2,lif
ola_mES_lif_2_81.counts,84.91884,31.106236,-11.888448,-34.94173,-1.8306493,12.7637825,-6.4967246,10.232588,13.249271,-4.395362,batch2,lif
ola_mES_lif_2_82.counts,81.218994,44.690136,-2.593158,-34.63318,11.111534,3.085296,-5.2807302,6.430715,5.4815946,-10.340243,batch2,lif
ola_mES_lif_2_83.counts,70.15949,58.23991,-32.31546,-38.942944,13.926862,15.245611,-24.351551,-10.902691,26.5788,11.0202265,batch2,lif
ola_mES_lif_2_84.counts,71.15662,16.307112,-16.269693,-33.239334,-3.6493344,-25.31984,-21.995367,27.742039,-7.9066367,4.100972,batch2,lif
ola_mES_lif_2_86.counts,63.69392,13.591294,-32.093113,-34.78462,4.754359,14.374067,-9.212635,9.272287,6.9114304,4.8688827,batch2,lif
ola_mES_lif_2_87.counts,39.141624,57.295753,-23.891304,-23.864632,2.8694801,26.463234,9.259391,32.23968,12.014416,-3.689641,batch2,lif
ola_mES_lif_2_89.counts,26.93962,46.632584,9.085209,-36.203632,-17.15186,-47.88208,-26.465652,57.322033,0.34790838,1.117015,batch2,lif
ola_mES_lif_2_9.counts,108.35901,17.917149,-15.802091,-26.073494,7.073756,28.230755,-2.7622492,-11.480126,27.984627,-8.867612,batch2,lif
ola_mES_lif_2_90.counts,78.902306,18.775433,-32.120007,-34.316284,21.453674,7.6242294,-20.02966,29.991362,5.595307,5.639101,batch2,lif
ola_mES_lif_2_91.counts,99.83414,84.16909,57.98838,30.729452,2.6042328,44.70233,-21.270678,-27.173695,39.07012,-24.98277,batch2,lif
ola_mES_lif_2_92.counts,70.74975,-4.1760573,-28.029013,-35.866257,4.931234,14.520432,-3.252554,14.236358,-3.8546689,6.5271106,batch2,lif
ola_mES_lif_2_93.counts,62.458378,53.015224,-29.950785,-26.52136,19.123796,11.268876,-14.990559,8.479067,15.497883,-8.093092,batch2,lif
ola_mES_lif_2_94.counts,37.735794,65.06366,-23.362738,-44.691948,-21.051224,-15.222761,21.284004,6.8047915,6.6101522,3.6188104,batch2,lif
ola_mES_lif_2_95.counts,81.124664,52.017673,-22.97329,-38.010555,12.541535,13.82894,-17.318998,-5.4974165,6.3991337,1.5262188,batch2,lif
ola_mES_lif_2_96.counts,87.073616,61.04779,-1.6104783,-24.911617,5.192818,42.818783,-2.0033278,-35.735394,24.142082,-30.971672,batch2,lif
ola_mES_lif_3_1.counts,17.594772,37.31746,-26.019558,-29.498753,11.924802,5.8445024,-3.2946317,6.8930717,2.7867396,15.282173,batch3,lif
ola_mES_lif_3_10.counts,17.366488,57.94909,-10.166186,-20.915304,29.713825,-21.402645,1.6131834,0.25586474,-27.050833,12.882998,batch3,lif
ola_mES_lif_3_11.counts,78.276566,-35.215748,-26.675194,-19.218874,19.492771,9.569599,-1.7309223,4.639554,-7.787563,9.934064,batch3,lif
ola_mES_lif_3_12.counts,101.741066,-22.010172,-10.590048,-19.92213,-8.03222,-3.1197042,-10.312144,-6.837973,7.7759075,-6.313336,batch3,lif
ola_mES_lif_3_13.counts,94.409195,28.489485,22.578154,27.405329,25.996964,28.752758,1.8208902,-35.985104,-6.3371487,-11.012187,batch3,lif
ola_mES_lif_3_14.counts,109.44957,-42.358913,31.848536,22.853859,23.63882,-12.691081,-2.9397047,8.131119,-26.104786,7.0359473,batch3,lif
ola_mES_lif_3_15.counts,83.22334,-30.11492,-11.890807,-6.9459834,11.239935,-4.735535,20.273548,2.7193954,-19.65244,-5.4448137,batch3,lif
ola_mES_lif_3_16.counts,103.92855,-34.15047,27.436495,23.2883,11.418567,-31.675785,3.7853787,18.591232,-7.8009605,16.176579,batch3,lif
ola_mES_lif_3_17.counts,113.98663,-48.389027,12.511272,21.06795,11.599053,2.9290226,3.6177645,0.8197595,-4.894565,12.5529785,batch3,lif
ola_mES_lif_3_19.counts,54.475616,15.622635,-22.406698,-1.8361975,20.688345,-12.470368,13.997802,10.266768,-9.972439,20.682415,batch3,lif
ola_mES_lif_3_2.counts,27.78191,61.62126,-24.507292,-19.390524,1.9677979,13.609632,24.39055,-11.267491,-2.0609424,-9.369154,batch3,lif
ola_mES_lif_3_20.counts,117.891495,-66.814804,71.58559,65.8415,-4.8176155,-38.30802,-13.056332,33.048164,-14.3839855,10.394313,batch3,lif
ola_mES_lif_3_21.counts,69.16988,-23.16195,-31.484253,-29.131308,-2.8242836,-25.184074,16.287064,2.958233,-8.841158,17.63126,batch3,lif
ola_mES_lif_3_22.counts,76.08363,-48.010883,-23.238348,-28.065275,-5.558698,-32.416656,29.35334,-15.738546,-34.337574,6.297928,batch3,lif
ola_mES_lif_3_23.counts,102.756035,-52.410908,2.0161657,11.849132,16.714186,-0.70815414,7.3579907,-8.004015,-15.760592,7.8232846,batch3,lif
ola_mES_lif_3_24.counts,123.25249,-15.402608,46.461754,44.855087,6.830042,13.135817,9.384743,-35.70788,-0.31621757,-5.774064,batch3,lif
ola_mES_lif_3_26.counts,76.23467,-37.97984,-31.716076,-5.711824,2.4957333,4.683349,35.773357,-16.675611,-34.019222,-3.2946532,batch3,lif
ola_mES_lif_3_27.counts,99.7929,-23.199856,-24.509691,-17.279669,32.79633,6.2575297,-13.992542,-7.2969146,-16.428566,12.450071,batch3,lif
ola_mES_lif_3_28.counts,128.99265,-53.07675,16.782965,26.543432,10.622018,-23.699091,7.3391705,-15.591898,-10.369678,3.8542137,batch3,lif
ola_mES_lif_3_29.counts,50.1643,-5.3384204,-16.22306,-27.596455,9.430004,-19.015461,9.661545,-26.958923,-33.985588,1.6792353,batch3,lif
ola_mES_lif_3_3.counts,45.312283,10.559245,-42.689438,-39.965595,18.754541,3.663321,2.9716485,2.0162065,-5.5953197,3.922238,batch3,lif
ola_mES_lif_3_30.counts,89.52099,-41.077362,19.190676,28.584248,11.506886,1.928133,3.856811,8.973392,-19.062597,16.728243,batch3,lif
ola_mES_lif_3_31.counts,101.22444,-46.083103,10.710607,5.0089145,2.6045983,-22.522951,16.32233,-20.082361,-25.539627,-2.8676946,batch3,lif
ola_mES_lif_3_32.counts,7.074373,56.521114,-28.30315,-17.200603,5.104167,-13.166854,43.77972,-1.5078473,-30.474382,13.332726,batch3,lif
ola_mES_lif_3_33.counts,96.51165,-26.932997,26.83561,38.339203,24.744518,-15.5281105,-13.8177595,10.459692,-35.74289,8.9212055,batch3,lif
ola_mES_lif_3_34.counts,118.54534,10.956949,88.72894,74.02456,-4.475241,25.671679,10.0833645,4.3120894,-6.0445895,7.051228,batch3,lif
ola_mES_lif_3_35.counts,130.80492,-31.803843,109.86385,104.76581,-4.467918,-15.418305,10.4259405,17.602882,7.15093,16.29662,batch3,lif
ola_mES_lif_3_36.counts,80.34968,12.922938,-28.818726,-24.02108,2.3316221,0.09936939,25.423864,-0.15308072,12.500148,7.3670344,batch3,lif
ola_mES_lif_3_37.counts,39.046917,17.135487,-35.477734,-26.20002,15.332856,-5.633323,7.237035,16.926546,-16.41773,17.099628,batch3,lif
ola_mES_lif_3_38.counts,90.91,9.052334,10.405889,-13.541993,-6.4479227,-2.805893,36.45561,-24.690512,-8.855393,-4.342858,batch3,lif
ola_mES_lif_3_39.counts,112.62427,-42.056973,10.55799,6.773463,-1.7040333,1.8950019,26.383364,-16.185585,-2.3389993,22.924362,batch3,lif
ola_mES_lif_3_4.counts,58.325428,-6.1413484,-27.789673,-31.02182,8.000216,-23.519003,4.181747,10.023054,-18.021187,-8.471683,batch3,lif
ola_mES_lif_3_40.counts,113.494026,-30.241985,-22.148777,-25.669407,-2.281404,-0.8605772,31.871618,-45.13055,6.08789,13.342093,batch3,lif
ola_mES_lif_3_42.counts,101.346275,-22.988588,-28.680696,-16.354607,28.879517,-2.7234888,-12.939554,-10.043846,-16.102163,1.4567102,batch3,lif
ola_mES_lif_3_45.counts,89.07685,-27.64793,-0.9142879,14.0096445,8.550968,-13.158117,14.491849,-20.994951,3.3031971,15.61355,batch3,lif
ola_mES_lif_3_46.counts,99.55072,-33.22384,11.9604225,9.293637,7.5789113,-22.599264,-1.606493,-1.7149931,-12.977046,21.427156,batch3,lif
ola_mES_lif_3_47.counts,87.410515,53.108253,86.64856,78.50882,-7.229989,-1.3938364,-10.372474,-16.187443,2.4967864,11.411366,batch3,lif
ola_mES_lif_3_48.counts,36.102333,45.09246,-38.264328,-29.572577,-1.082519,-12.4995365,23.014946,-23.73893,-10.268825,17.156733,batch3,lif
ola_mES_lif_3_49.counts,100.74504,-27.372837,85.55485,59.594227,-15.059966,-49.67706,5.2212186,30.000715,-7.8728967,24.99574,batch3,lif
ola_mES_lif_3_5.counts,51.23932,36.198883,-28.682299,-27.575878,10.496267,1.3895047,2.7687807,-1.6321884,-0.3008257,1.5801548,batch3,lif
ola_mES_lif_3_50.counts,-16.806871,110.50527,-19.013985,-9.985701,32.413334,0.1464959,16.324545,3.803146,-48.308327,-2.0097132,batch3,lif
ola_mES_lif_3_51.counts,62.06086,-6.554897,-25.877943,-32.9072,-1.249215,-19.232626,16.62062,-13.338249,-19.738802,15.106471,batch3,lif
ola_mES_lif_3_52.counts,72.6001,6.243517,-30.843393,-24.087872,10.507364,-13.899358,4.429944,-17.585512,-30.465616,-0.6877082,batch3,lif
ola_mES_lif_3_53.counts,84.259056,48.516735,86.90345,69.777664,2.5997334,-25.238253,-7.1316643,0.0117615275,-3.95288,0.5061928,batch3,lif
ola_mES_lif_3_54.counts,104.612144,-28.616915,-19.27673,-31.260763,-1.6325767,-26.885954,14.064911,-11.07885,5.154496,20.573208,batch3,lif
ola_mES_lif_3_56.counts,16.35713,-2.6500578,-48.457874,-21.425812,26.303202,-23.092737,18.054523,14.683414,-37.35485,19.697742,batch3,lif
ola_mES_lif_3_57.counts,76.996704,-26.730705,-40.992867,-34.411453,22.827301,-7.107368,-6.0932045,-18.503052,-9.278398,30.588127,batch3,lif
ola_mES_lif_3_58.counts,48.470345,-18.448023,22.9634,6.1247287,19.52323,-25.625156,4.464,2.5193045,-43.647476,-9.696107,batch3,lif
ola_mES_lif_3_59.counts,-11.617888,161.13849,12.841688,-20.532194,-13.498439,-3.133343,41.24998,-20.5944,-14.4726515,1.1621146,batch3,lif
ola_mES_lif_3_6.counts,50.039574,-4.281317,-30.198643,-35.141308,19.611021,-21.551344,-10.202257,16.502117,-20.204899,-5.06237,batch3,lif
ola_mES_lif_3_60.counts,49.995075,-48.45788,-16.842455,-34.93038,-3.1390822,-30.038416,19.082113,15.467971,-35.905437,13.917732,batch3,lif
ola_mES_lif_3_61.counts,79.44195,-28.219488,-12.619985,0.3807935,7.588188,1.8506664,7.4611726,-8.113199,-19.266798,14.686912,batch3,lif
ola_mES_lif_3_63.counts,102.35942,-8.091864,17.5141,3.2282994,22.045332,-0.84395015,-3.6990244,-35.729664,-8.672344,-1.0721674,batch3,lif
ola_mES_lif_3_64.counts,49.56681,31.950092,-33.891914,-40.897694,-4.949443,-13.607074,23.25558,-24.19265,-12.641709,25.10742,batch3,lif
ola_mES_lif_3_65.counts,88.76954,-33.83182,-1.8121978,-0.87722456,15.1757765,-10.230922,0.51553386,14.820686,-26.833826,6.049859,batch3,lif
ola_mES_lif_3_69.counts,124.79559,-0.51062655,61.60767,68.588646,12.020065,5.075507,-13.018021,-22.752432,2.4444447,-3.3584225,batch3,lif
ola_mES_lif_3_70.counts,87.76986,-16.709688,29.226704,33.064564,7.5755334,-0.8517336,11.800331,-10.960629,-24.383158,22.9092,batch3,lif
ola_mES_lif_3_71.counts,135.54549,-29.056795,42.300972,44.931995,10.571358,10.109416,21.160976,-39.245354,-7.8746333,-4.6522617,batch3,lif
ola_mES_lif_3_72.counts,128.62671,-11.282157,42.391407,22.6846,-0.752182,-11.824078,8.959796,-10.215939,-9.30394,7.800307,batch3,lif
ola_mES_lif_3_73.counts,129.96063,-38.72683,28.628775,20.315626,12.099172,6.6092515,18.126066,-19.231731,-12.574452,5.547559,batch3,lif
ola_mES_lif_3_74.counts,127.26811,-37.195457,6.9966464,15.403565,24.151997,3.1934507,9.092906,-30.255552,-3.3754299,13.090008,batch3,lif
ola_mES_lif_3_75.counts,51.444836,-31.310574,-44.000767,-37.264847,20.173374,-29.21321,22.32484,13.25851,-22.909101,18.983967,batch3,lif
ola_mES_lif_3_76.counts,66.76933,91.04238,78.91136,69.454765,31.29693,7.539215,-7.111417,-24.506353,-8.538884,12.321557,batch3,lif
ola_mES_lif_3_77.counts,60.66178,-28.980846,-32.865726,-23.894215,9.425575,-31.197647,23.249678,-19.50823,-31.319668,4.425077,batch3,lif
ola_mES_lif_3_78.counts,90.50503,-22.909128,-9.194978,-1.0539783,34.303654,-28.253813,-2.0811832,-7.8225408,-29.585629,8.988159,batch3,lif
ola_mES_lif_3_8.counts,61.867107,-0.555566,-24.138863,-24.275984,-2.762559,-16.527391,-10.771081,25.881477,-7.246705,0.47895694,batch3,lif
ola_mES_lif_3_80.counts,88.40961,-41.34218,7.688268,7.7972383,-12.323861,-18.030853,33.049255,-0.2845885,-0.58611155,14.681411,batch3,lif
ola_mES_lif_3_82.counts,80.00161,-45.46528,-44.263138,-34.531124,1.7704772,-12.763843,15.675293,-16.472355,-23.95152,13.6715765,batch3,lif
ola_mES_lif_3_83.counts,32.22525,30.301537,-32.802776,-7.265133,36.544186,-22.313183,6.625208,-14.598304,-25.582273,11.922582,batch3,lif
ola_mES_lif_3_84.counts,63.655,-53.475407,-33.69392,-19.926989,3.8289363,-10.990967,37.24037,8.019071,-40.398014,14.665792,batch3,lif
ola_mES_lif_3_87.counts,84.23945,-45.22624,-41.819576,-22.4404,31.876886,-5.2497005,-14.405877,11.631696,-34.70272,14.951432,batch3,lif
ola_mES_lif_3_88.counts,86.057274,6.3556585,21.833452,25.077091,43.35803,-10.557314,3.2075605,10.375274,-26.409357,6.8672023,batch3,lif
ola_mES_lif_3_89.counts,88.968666,2.161517,-3.9343803,5.7899313,23.014193,0.42967772,14.039442,-30.746035,3.3821175,-3.5159976,batch3,lif
ola_mES_lif_3_9.counts,58.42731,-18.413782,-26.98705,-25.276602,0.20891128,-18.34653,-9.454382,0.8846213,-8.590681,1.6559896,batch3,lif
ola_mES_lif_3_90.counts,49.07022,118.89876,115.757675,94.132484,19.094982,0.59061337,26.230679,18.963892,-13.17445,-2.6436598,batch3,lif
ola_mES_lif_3_92.counts,127.622055,-33.79651,54.860023,41.967457,17.097115,-20.44932,3.902382,31.191793,-9.009905,3.8765507,batch3,lif
ola_mES_lif_3_94.counts,110.36567,18.063839,51.746254,48.84934,25.796242,14.854616,6.86244,-10.781993,-17.945745,-5.254289,batch3,lif
ola_mES_lif_3_95.counts,115.09686,-22.847115,32.059753,27.356808,24.756823,-3.0182524,2.713017,-19.81022,-16.35034,-15.616191,batch3,lif
ola_mES_lif_3_96.counts,122.50093,-24.138805,2.6680272,11.431813,24.871964,10.193812,4.293044,-14.935647,-8.813526,1.5767415,batch3,lif
