"raw","mnn","limma","harmony","combat","quantnorm","scbatch","scvi","scAEQN","scanorama","bbknn"
1,1.00697227991842,1.03177012845023,1.04524985260567,1.38816961238609,1.00024430458918,1.0000001192093,1,1.06405722938408,1.27066677166428,1.0456406238907
1,1.00498456238657,1.03167079032092,1.04034636975895,1.29931829480542,1.0014356910763,1,1,1.03299116280428,1.35928318260976,1.04979469887448
1,1.00709359059391,1.03639628327722,1.04083363020804,1.16114575890702,1.00475605019544,1,1,1.04378709610696,1.28209479227339,1.01223721957205
1,1.00130715796203,1.04003519844923,1.04405067469558,1.52089671194854,1.00555918911542,1,1,1.05472998321924,1.78295823602694,1.10456732197584
1,1.00257236031592,1.06666439056882,1.07788294775165,1.42356652130211,1.01981541756765,1.0000001192093,1.0000001192093,1.2692753837307,1.6589024097121,1.165514223388
1,1.00196734696072,1.03861081230025,1.04698901840746,1.85662942878007,1.01625737063105,1,1,1.15817592567614,1.39254783804949,1.03797966519862
1.00479483027942,1.07337159023087,1.48537845808422,1.55442231543381,1.85963649545889,1.14439726718346,1.0013569079234,1.0048700563276,1.94079129983278,1.99996149614076,1.10284187993019
1,1.03732661315463,1.18084564913173,1.18352057307791,1.25289101362361,1.0106654284807,1,1,1.11574703229364,1.87247976517127,1.07128947380029
1,1.00151794841167,1.0704726220218,1.08095169560257,1.67030889439982,1.01944946881869,1,1,1.25691538630994,1.99900563350234,1.0984073311538
1.0807529893554,1.26950016192206,1.84750205015358,1.8960093991221,1.88781512995089,1.10136089398863,1.04125843758043,1.0798351911756,1.29397311935992,1.8830913020109,1.17016620544521
1,1.00419218631965,1.08511351084701,1.12784129116662,1.47652087992849,1.03943547658554,1.00008309405203,1,1.10826009836996,1.82393765316267,1.26717357095314
1,1.00142380433435,1.04771046933297,1.06011697699326,1.76026885801248,1.00454333795409,1,1,1.06952352508827,1.52606213624868,1.03352707135808
1,1.00192980587495,1.04639533262808,1.07480708384122,1.29581066694313,1.00996464956337,1,1,1.05989565878915,1.89596943863635,1.05277563019651
1,1.00441888656488,1.05606361076142,1.06422662641246,1.23807206805104,1.0491042338427,1,1,1.22319963740567,1.94474145730107,1.11031356566945
1.00030918135741,1.05065184487703,1.203079883303,1.21671822023646,1.28604203391556,1.00966852808891,1,1,1.12888580427803,1.97703565426597,1.01274290595076
1.00023178315366,1.0120514474298,1.08792066671529,1.10122618076811,1.85698366070223,1.10303882756543,1,1.00023917673466,1.08920551804091,1.88308062838996,1.07812356817095
1,1.00254956383599,1.04912822814755,1.05712444599462,1.46500908412149,1.00479230901027,1,1,1.1048394204204,1.98864877488598,1.37941596936931
1,1.04272709918423,1.10144811779511,1.10264505385018,1.2705977582284,1.0096942887129,1,1,1.17672917621111,1.65810163569146,1.06897825406128
1.00044736367647,1.01494356755373,1.08394864198045,1.1102542213789,1.96280952613127,1.03055153862422,1,1.00043102125792,1.25813184875512,1.94422345383889,1.11476195023866
1,1.02568450928228,1.05389594612723,1.05754236291918,1.30628558142201,1.00443460707293,1,1,1.10764069734889,1.92635432234898,1.05143630212135
1.01111582902938,1.13475527588641,1.73635478497,1.87659523431818,1.55373566885528,1.32570779661513,1.02805388694042,1.01123049024114,1.53618944230727,1.88793632435222,1.99445970075584
1.0000001192093,1.00127670061507,1.03245222535661,1.03263814029175,1.44274540674199,1.01098579680038,1,1,1.09466638703993,1.97526348992259,1.08917086779922
1.0000001192093,1.06375269204211,1.08658546329291,1.08977236472358,1.25790073581878,1.00714202403463,1,1,1.07974625513368,1.95888318941822,1.04638239043558
1,1.01502718375223,1.11628062696917,1.15791583600154,1.19601178299174,1.02387850812942,1,1,1.02980609653353,1.89591769605967,1.01627568815539
1.0000195506102,1.00168333014393,1.03864076191461,1.04832269646908,1.46682085121464,1.00792413286377,1,1.00001907375912,1.08809960017191,1.87598885938394,1.04038530862527
1,1.03326225705612,1.08313772464182,1.08608106370688,1.54826407065459,1.01080926916128,1.0000001192093,1,1.0966420860842,1.99998474132735,1.07329108668766
1.00179938472579,1.02989826275362,1.15308328659749,1.18932673413889,1.1526239622039,1.06262924681895,1.00152332504685,1.00180775211279,1.0242529357679,1.81192088626922,1.05434455678678
1,1.00109518025725,1.02608047518082,1.02749777222911,1.40224544699941,1.00419728434859,1,1,1.06206552900924,1.99918684655184,1.02527373730519
1,1.00168249377,1.02353347536688,1.03170644205669,1.46319961778686,1.00325063042123,1,1.0000001192093,1.1198676217219,1.67763509694031,1.02928865140827
1,1.01523925445337,1.21137509995669,1.25377795102186,1.35262253896753,1.07169816673001,1,1,1.69470247644643,1.93432321090521,1.18982338300637
1,1.00587930687582,1.06829197508724,1.06738169740044,1.51789569320793,1.10280447900083,1,1.0000001192093,1.14134569733302,1.4227855209289,1.44435541632173
1,1.01230975889284,1.10480633687724,1.1346330689417,1.76414246273804,1.29160863525623,1,1,1.22129061319545,1.76269858881783,1.11551516515742
1.0000001192093,1.00064917202332,1.03365353385457,1.03964894569262,1.39135670994194,1.00184038526341,1,1,1.08486151416625,1.80412507505722,1.04215051278472
1.01807620163743,1.13701870337314,1.43267315429597,1.51906833696992,1.7472714791363,1.10975574075945,1.0055676032411,1.02037600814878,1.09768462925525,1.94390734481514,1.3832258523558
1.0010232425094,1.02165301297205,1.16089686548421,1.2281432897485,1.50222102358878,1.1025325395563,1.0000001192093,1.00103625640541,1.24459560193251,1.35862597446521,1.0517505592992
1,1.00341913686498,1.03673899837942,1.03811733110975,1.16966317763733,1.00787751248038,1,1,1.1659142107613,1.53258392874595,1.04010293129264
1.0063593776523,1.05678696094362,1.48046499057699,1.62000757464732,1.99706877359451,1.08793968797009,1.00058396387999,1.00674303143886,1.08963858847198,1.91510215021298,1.05721555883597
1,1.00128780857729,1.01200102193794,1.01536211369319,1.22651190009116,1.00630853327266,1,1,1.01864676929382,1.90240618627267,1.04836277392796
1,1.00220029270794,1.02007312151591,1.02340722986019,1.1424360908684,1.03458814050866,1,1,1.02881150666657,1.9878269824874,1.17457877394708
1,1.0003830698479,1.01670397295022,1.02241185293962,1.37751032690312,1.00593060015095,1,1.0000001192093,1.06123612478008,1.5809375702722,1.01598644866028
1.00060609693361,1.01737772483837,1.08114269523395,1.10720145501537,1.16689219291808,1.07425818539918,1,1.00059953451605,1.28287690139247,1.86287466941118,1.04871112038548
1.00399260407136,1.02992080580692,1.16693213066865,1.20978187577669,1.21678478083166,1.13621034795092,1.00155594436497,1.0046706328382,1.29401764417429,1.39160547841489,1.11383916370659
1,1.00049257585257,1.01240416186577,1.01266060407376,1.65219093372513,1.00865908636269,1,1,1.09728142101984,1.87764161311478,1.13703196646043
1.0037115032948,1.05281081132521,1.75733028755684,1.94179740625178,1.3864216444287,1.10863883411045,1,1.00387640855378,1.99826058164035,1.78466421204478,1.94597097447154
1.00574474869094,1.05824088343741,1.24790703506088,1.29225185641892,1.86889008662763,1.09825215599906,1.00275727511706,1.00738502855626,1.51069248920774,1.90660754823677,1.86968943907643
1,1.00229394800223,1.04357377433661,1.05228897828138,1.27835582104842,1.04905636940412,1,1,1.21532251173331,1.97318725090699,1.03033153006281
1.008135623642,1.06677085741732,1.29270415096212,1.42696259570782,1.4183952973873,1.0631411382601,1.00256284676883,1.00808162891506,1.3802842007206,1.98907039039435,1.23304439398876
1.0000001192093,1.00061898340761,1.01130922549338,1.01319948969662,1.45070366695932,1.00247017069938,1,1,1.05528960127358,1.90867070794452,1.03834080009662
1.14177310601179,1.303284928123,1.80452566348633,1.87840104527188,1.78607269540059,1.10535521215243,1.04186895044459,1.13913584578423,1.51112157923097,1.87699418975018,1.48376138174904
1,1.02230595613959,1.04664807781807,1.05096665271666,1.26246308669448,1.00270706169455,1,1,1.08246318018475,1.86990042966921,1.01716877961483
1,1.00375124228226,1.05838780827196,1.05528431207154,1.59900966944258,1.07610226642756,1,1,1.34870681815169,1.90629699956669,1.43946216441783
1,1.00288195651524,1.01653175867667,1.02631921756578,1.19708002961071,1.00128374754404,1,1.0000001192093,1.04280175153863,1.85397891163435,1.00516143391192
1,1.00256482138204,1.03473179196894,1.0440705643014,1.3160431793899,1.01520468736937,1,1,1.17285999332849,1.83276867526557,1.09281648106534
1.0000001192093,1.00982909200877,1.06206070657084,1.07527879511697,1.28167912241863,1.0403080052634,1,1,1.04966711961712,1.93212670347664,1.36080334725777
1,1.00294703013909,1.02626296320289,1.0379701526273,1.25804958715396,1.0036113568282,1,1,1.05482279553833,1.83048445105199,1.01192032511558
1.00010789313071,1.00310941214399,1.03899630702089,1.04347980855041,1.36169947861737,1.03803806793142,1,1.0001027663243,1.21356711707471,1.73200573401418,1.05683637345601
1,1.00047969187411,1.01629724282721,1.02369671090298,1.35366482147541,1.00980006059324,1,1,1.10334520248269,1.92293686456728,1.18372902103732
1,1.01763457702982,1.05114734314044,1.05366530012277,1.31637904796536,1.00446562845021,1.0000001192093,1,1.08317840535018,1.80180182695756,1.0260744672193
1,1.00486693423658,1.08754181969126,1.08535361765405,1.86057773815847,1.04827290382881,1,1.0000001192093,1.3242995179217,1.72319698380216,1.37034391114585
1,1.00219479087545,1.03983563532387,1.05625630195943,1.10454781839632,1.01252396023857,1,1.0000001192093,1.08063422294578,1.84386600431072,1.0305267304045
1.00120581828048,1.02893830291379,1.16671478023173,1.19916833203891,1.20211269957251,1.08340248140312,1.00051679366346,1.00204249534193,1.10294364817306,1.92318859348455,1.06829729862995
1,1.00139620877062,1.01892254712304,1.03034062913171,1.55355901747037,1.13641339481168,1,1,1.18603126485947,1.93666074269123,1.62416533677963
1.0000001192093,1.01532833302987,1.04242920513478,1.04462212657818,1.43258333821338,1.00628933996378,1,1.0000001192093,1.14520667674538,1.8966879666833,1.04326733895327
1,1.00166671848751,1.01373594311163,1.01626078977288,1.2297474868878,1.00270646340414,1.0000001192093,1,1.04195048368879,1.50799279766763,1.00737255391819
1,1.00632640368992,1.02187877970292,1.02759782377586,1.31717875838614,1.00048052691553,1,1.0000001192093,1.01393982422219,1.77799427643595,1.00295217895944
1,1.06389583133493,1.07514637008633,1.07799595879906,1.46008463325528,1.01372700080438,1,1,1.15911706491569,1.67341623471133,1.03136068118455
1.00130763571773,1.21496327736904,1.16747952438161,1.1884130263232,1.51903121018569,1.12552552398875,1.00098635137635,1.00085641269593,1.56054525993009,1.78219787091868,1.29849811160597
1.02612513183992,1.11764744109049,1.78203166520202,1.84141044384958,1.17431533964732,1.19717217250295,1.01082853213566,1.02635967742419,1.96595578384842,1.26287914571375,1.95180402124969
1,1.04522343823023,1.09094658027086,1.0866078113971,1.36016914519642,1.01262100411137,1,1,1.13682778195711,1.91190414232397,1.24800966107123
1,1.00111858410382,1.04306261947207,1.04564049902476,1.36090170541832,1.00544795028252,1,1,1.6085799670613,1.70364531052774,1.04284424814245
1,1.00307138780175,1.02334467339463,1.03155710346342,1.21372184239683,1.01867097448477,1.0000001192093,1,1.02576442809283,1.68202588320981,1.03076070411829
1,1.05228846310043,1.09420857884742,1.09616892416693,1.30572130610375,1.00888397413293,1,1,1.09877708183018,1.65627942723846,1.07053218878244
1,1.00166552347772,1.02093791927311,1.02474228437144,1.71035068695406,1.00413628790053,1,1,1.25571990649388,1.81264545672619,1.04211008505604
1.00026052319104,1.01050690561502,1.06490212655614,1.07630412620721,1.24046326056549,1.08475082753789,1,1.00026374311432,1.15211075352099,1.84720801521832,1.01402167401653
1.0000001192093,1.0044250070563,1.03910968784828,1.0423991561185,1.3782816149955,1.00351206417655,1,1,1.09184943832432,1.96974119874591,1.03430543996876
1.00759448172437,1.07763369458569,1.75017033871364,1.79467073519071,1.17903458502071,1.22615621059016,1.00312480213667,1.00786454662901,1.83316105443373,1.9723716923456,1.90713691644701
1,1.00118205311058,1.05793247679957,1.06463372029928,1.73893281770291,1.04573697881848,1.0000001192093,1,1.14385463339126,1.98870098821828,1.09714311676032
1.06786499385796,1.18155851441959,1.93644374958412,1.98569247514854,1.57234882543513,1.08617195988792,1.01972501706078,1.06768110710501,1.51886810249548,1.60805084727994,1.06341852299414
1,1.00123794439984,1.04497813438363,1.06428242012158,1.63493763238337,1.04311052648304,1,1,1.10129988363787,1.99507332516541,1.17016014038903
1.0000001192093,1.01867556856357,1.08523721562067,1.09251219823641,1.39426634565518,1.08720466289668,1,1,1.14018629734699,1.99001529766756,1.23771531282302
1.00679330641147,1.04546310495431,1.41109804610182,1.54497372098756,1.99762977259944,1.18660234033966,1.00482286627052,1.00689748140096,1.61384570791899,1.98339013424182,1.3886009738725
1.45465449685568,1.53818595514922,1.8733135670423,1.95701418910338,1.75393562793082,1.07787509233344,1.14853659684981,1.45587712709708,1.6620362368916,1.99176302563393,1.7112518254873
1.00104025611659,1.02842100507968,1.1682902501312,1.1267190317893,1.20261199615155,1.04297664388149,1.00307923190313,1.00101619841896,1.6341791219941,1.73337428997704,1.82729324998401
1.0014239237218,1.03202226293792,1.19830014916331,1.16728285375058,1.32116861813114,1.06619720520064,1.00115637818087,1.00140421254903,1.99117234949141,1.89104808725603,1.5711092213598
1.01311117489487,1.24914832622203,1.36706349873757,1.31016397677186,1.81182383147804,1.04015980400201,1.00646715668247,1.01313870785173,1.70279843586017,1.97964088806701,1.43411359127339
1.0424229934282,1.5332490957367,1.4167194022352,1.37342862867474,1.956721064297,1.08731557232125,1.03497413723407,1.04208638528311,1.99446568753615,1.97542623537612,1.27394090616114
1.10484480337296,1.4934535344547,1.61204305666698,1.55430571423789,1.59350084747435,1.20426508619287,1.04932375576822,1.10251734563254,1.99779110997379,1.94574794109216,1.33783365520164
1.00262639339393,1.15076954742649,1.31771168619878,1.24704043722264,1.46510119703971,1.08573318928017,1.00696878703443,1.00212058201739,1.82924021980475,1.97228248171471,1.15212528770276
1.00531900575205,1.0300748384325,1.3426780351299,1.25215327426697,1.32593029150733,1.11796458653384,1.00333281185645,1.00532951963791,1.88747531629317,1.93091833538844,1.9857824329759
1.00425174867299,1.03204787243925,1.25814390771663,1.22180650520134,1.22212242431413,1.14106530152312,1.00184146109015,1.00466066903923,1.48269449056662,1.9680954335102,1.91318006670386
1.11323460216766,1.50354517577762,1.61678672713919,1.52609411555118,1.65448530521727,1.17731427359562,1.05012861971498,1.11149624077696,1.80911924217028,1.99426434990503,1.27507487560901
1.00351913467847,1.03645738420308,1.17139092222855,1.13328710499975,1.46844090707553,1.06353190080226,1.00341086936134,1.00300905638283,1.35432067785493,1.98921454574105,1.94690733567995
1.03264220180884,1.45382049550393,1.41770779650926,1.38257160498127,1.91567950125149,1.14127198345263,1.020868700366,1.03353164107696,1.8527535431647,1.96453386963781,1.29193527062749
1.00375256107943,1.0251815026205,1.26334475668459,1.1899256300238,1.16220231511533,1.07749333118432,1.00154208404298,1.00374512819113,1.68540773342752,1.91610061128956,1.77620943819723
1.00266941934191,1.04596203184293,1.44665541392145,1.34335509344528,1.47586871469221,1.13048578679421,1.00866681528765,1.00258001938139,1.9821522934859,1.96592577849826,1.6505587264151
1.01788203695264,1.34957881558568,1.41504291995243,1.36732849460778,1.80258932869736,1.12807922979265,1.01983389104392,1.01757529495317,1.60865155167807,1.92871868487842,1.20978914091849
1.00632592237095,1.04047318331117,1.28393193256718,1.24162549632586,1.17991268925762,1.08151380649238,1.00568938205863,1.00628452637665,1.62197440067291,1.99375890314131,1.67821348437227
1.0059512264888,1.0548198947948,1.39792384069069,1.29989911422802,1.4270099688466,1.20874499162479,1.00751641880308,1.00590937239622,1.96492621988526,1.90967404718429,1.50104454763403
1.10588825063065,1.47608311975525,1.67847653678433,1.60894242850727,1.34651579766183,1.15074044420498,1.04442451546991,1.10526112811574,1.94924488210717,1.97698777908633,1.40573560886736
1.00425930660464,1.03412641403012,1.22711211651479,1.18247467583315,1.15536332698019,1.02908272779223,1.01420841286502,1.00430171802118,1.42375046491193,1.99564388557936,1.88886342903446
1.00338840349455,1.31792432262458,1.69358618389836,1.45390834825622,1.69862762941175,1.28282392882365,1.05027153448031,1.00324320318427,1.57967560749909,1.97665021423351,1.85786924066705
1.00234018254516,1.0585582281911,1.29430100805402,1.22501596454672,1.28017854357782,1.08357056823048,1.00228413951196,1.00229729753577,1.54650524974368,1.97606695361494,1.91262084649511
1,1.06814673361838,1.30750195231772,1.23100347715874,1.42076275080203,1.03198603323615,1.00130763569722,1,1.59724725210986,1.99752024692638,1.9554082449286
1.0038780873978,1.06303930131201,1.22958215504016,1.19161811620978,1.30166261774481,1.16239124220717,1.05289868190066,1.00392682942605,1.45569838260571,1.95288505748464,1.99567444886812
1.00478180330934,1.15029231619649,1.63559582765627,1.48591283843339,1.4142470404757,1.31379781193803,1.03422842189469,1.00420568186713,1.49990757565495,1.94493844314881,1.17095813741473
1.00286429744685,1.03938213816003,1.2647027990632,1.19399643059124,1.26623456741948,1.07276801963475,1.00214976231017,1.0023904878546,1.61677944321809,1.99992043096497,1.55984503673214
1.17036768558812,1.44042712918175,1.67763163700347,1.6285627019873,1.52401124505884,1.13127124946248,1.06014868822851,1.16604209383849,1.97709057962112,1.99065907978676,1.33917646342458
1.00153025510521,1.02083446121041,1.15791054970284,1.13174343750606,1.16081566637942,1.06295241986562,1.00208225512307,1.00146400515742,1.54182151961616,1.98803980223187,1.98947272151342
1.00201786347434,1.06179497046582,1.42572105506759,1.33124132884166,1.3493212919399,1.11230307037285,1.00162566902124,1.00198928685699,1.92914377308792,1.9898602878571,1.54057693757918
1.00175306815896,1.02921697572511,1.2550131321717,1.20140023813607,1.15469973084844,1.03307023346873,1.0022546542703,1.00180440506076,1.62654248148368,1.98121904809478,1.83619349960081
1.00315193019748,1.0410889001664,1.25186642784422,1.18614660949677,1.20979352185479,1.0730930865135,1.00235118844052,1.00307492066252,1.75917148147853,1.99443344233211,1.9968007205862
1.00221153538172,1.09759891769207,1.53821691087935,1.36948115649091,1.31658308584142,1.06653729286208,1.00855747610473,1.00214629422512,1.97019462834413,1.89073454237772,1.36941926409186
1.00382125569186,1.04673155505515,1.3295543974815,1.22535021965638,1.24337459429956,1.06558132423548,1.00183022455309,1.00383132722405,1.50289471413341,1.99330847700041,1.31001914934996
1.01489652433173,1.31103548071563,1.54720662717327,1.48907137958747,1.92108278192038,1.07867657571143,1.00749960203982,1.01464490247061,1.99658792194105,1.95724535000534,1.42294374482419
1.1762699155591,1.53639247623584,1.90983839266464,1.81288079143973,1.40778193850124,1.09900015275323,1.08096191249456,1.17471694686983,1.92396265379347,1.99599194701321,1.22254103564667
1.0176983907339,1.04422079419804,1.35094789718335,1.29016440521684,1.30673429450775,1.10178161465117,1.00361159655997,1.01924087078538,1.61741991945758,1.97818704562977,1.11249982809545
1.00876886382959,1.26191976203995,1.32504521718069,1.28670264898257,1.7406226775175,1.1171254555815,1.01141519020307,1.00873003462719,1.69762867286954,1.99990779586553,1.2790832361174
1.00376371013366,1.04799594396763,1.19159594335526,1.16275376029768,1.24155562333129,1.03505625593333,1.00634030319131,1.00373703700287,1.42137257067211,1.65332283295836,1.4968671290851
1.00254764928679,1.0530695566144,1.17342538021304,1.13972277937326,1.20518391176382,1.05063811880615,1.00552895890937,1.002546093614,1.80520251979442,1.83393118151712,1.57771593564209
1.17180639945509,1.50446397441072,1.69666421976459,1.65475616991805,1.48093702928084,1.10135196301126,1.07767513902224,1.16795351922287,1.98435012867299,1.99831740672314,1.24670335770162
1.00257523254355,1.06923495043469,1.30616147413318,1.2412004061597,1.28090632059928,1.17612879859298,1.00389799154737,1.00333137417157,1.72129928208344,1.79618041697143,1.91936110134238
1.000927974274,1.09904106685449,1.20741556555685,1.15119399603743,1.33565908668216,1.09448183448242,1.00729349252697,1.00087921137056,1.58648201769555,1.99113837927968,1.39468390377043
1.00689663797013,1.02290692604974,1.39863019766136,1.2996136244389,1.2241696654729,1.21422357860161,1.00070680863806,1.00635546718722,1.78233802460114,1.99978550588978,1.97992865350447
1.02236398392073,1.18526794216031,1.66119939388836,1.62581292931025,1.44514715043803,1.24216605052833,1,1.024035283427,1.24489427319671,1.9897830574947,1.51208594750986
1.03112014301076,1.3358436511759,1.4022663528885,1.38992838071369,1.98604747695638,1.14551552968879,1.02068910654036,1.03095958008203,1.6779673383167,1.93808903554425,1.66360149121307
1.07441086300193,1.38969878382447,1.66765666664554,1.55168904217135,1.69405219967794,1.13895335518566,1.0461770894984,1.0723718140485,1.75010240071772,1.75286307120704,1.45646374729616
1.01761010422619,1.34637727023507,1.97063669321859,1.97950086119037,1.9605732017272,1.18028405762883,1.01739313764177,1.017048529932,1.85828908849613,1.92398333849816,1.55487297178291
1.00051178300992,1.04753632799472,1.15940914360571,1.12218337786598,1.32654259918071,1.02534828494017,1.0010215710595,1.00050223901738,1.89406892376934,1.95931670279051,1.3317260867713
1.00270215423829,1.03294587350322,1.26565744697437,1.21110227687439,1.19040534060601,1.09381355959123,1.00195036961474,1.00264518316515,1.55547548837927,1.94113985974441,1.51461390746726
1.09064663387633,1.53191338507325,1.5015403691017,1.4568034008849,1.65535471607158,1.16957920866534,1.04292747896174,1.09033502280593,1.80649706590676,1.98770528232365,1.3031529794309
1.00835170741762,1.12655155024826,1.49709549411245,1.40746235076722,1.40990409209819,1.09334220413379,1.00957051525742,1.00916857336973,1.94188022791595,1.98688915188419,1.54925121171774
1.00590654634838,1.17437570464104,1.32511757063274,1.23635261165188,1.39192927966943,1.03911164235069,1.00546213233356,1.00546249285202,1.5605209195835,1.98724287518728,1.49234704431951
1.00439890695665,1.09245894245218,1.39128792463049,1.3080234885019,1.3406750502545,1.07514716592855,1.00627207228098,1.00436074990331,1.85653887601779,1.86881082388105,1.59911589864317
1.0122484493807,1.2208695509957,1.4368747242317,1.34092240123694,1.89756042719612,1.09914809022556,1.01119345880024,1.01161795073202,1.91710476913523,1.94569750754279,1.35833445439738
1.00061254013273,1.15360653880102,1.4673543444132,1.30551509363482,1.58174450681545,1.12759306192424,1.00298875971175,1.00064666617704,1.97990149122651,1.93691255587947,1.50263568294081
1.0152070044251,1.24957628305776,1.33029882890886,1.26940330863344,1.49646926172565,1.05740266897287,1.01320818197851,1.01405733739752,1.65214635379148,1.91424390150676,1.23654492724382
1.0011158376497,1.03403563452171,1.24175670835995,1.17882264125518,1.24179675710973,1.19107843897219,1.00415793872232,1.00111285247262,1.99999147657212,1.97085157794434,1.74113161097018
1.00353866854221,1.02864538247637,1.66088259646848,1.47609315211672,1.48815869863497,1.08373593683485,1.00394211834358,1.00363748597839,1.87749904500798,1.98241426105195,1.39163112561675
1.03848029914227,1.5782022660826,1.54788463084501,1.49948338057581,1.92264102406677,1.07109430968728,1.0225822190239,1.03732441119313,1.79165837422178,1.92860328306657,1.40528662606562
1.00118659111561,1.08487844391274,1.19823546440541,1.14737782744874,1.32391153077268,1.15659744695911,1.00592476660361,1.00119877223548,1.43661634410487,1.97739053870823,1.45871818517866
1.10531313679566,1.31397081383724,1.54897247906405,1.57145248884055,1.39019527830442,1.46731371902243,1.04539848514392,1.10037260972933,1.95789134887373,1.96926804110854,1.39316585825064
1.19544664105916,1.6519690137455,1.85593871863722,1.50073748094199,1.89645481005995,1.20240732839538,1.16377326431969,1.19051834521773,1.62481429536348,1.96255650195213,1.3673872761854
1.00218115640775,1.00609298370183,1.15746735286999,1.73576968721656,1.25086424193677,1.02301229938721,1.00008965141506,1.00216309710118,1.11158244705245,1.99791981796145,1.0403685586973
1.00995956781848,1.03561797908378,1.12235573474278,1.3618057765041,1.56765025245296,1.15156586217061,1.0037000555562,1.01007572793572,1.39555998226292,1.97107716182524,1.27881847749333
1.00235465761181,1.02607446613153,1.21698161799504,1.59880919456878,1.49768568383637,1.01265629163128,1.00140600443228,1.00213911854754,1.33834664415989,1.99733232124719,1.03156322290693
1.0083934116486,1.06877133869938,1.18419625605091,1.30099695352962,1.25893334796861,1,1.00960715467485,1.00747543211184,1.23700090679913,1.99997884057497,1.00173418378479
1.0210194401005,1.04356742508599,1.10323203715787,1.23241573430555,1.28212597700385,1.0639986340289,1.01172202279744,1.02078959116284,1.19981031913162,1.97177113998625,1.07184648322295
1.28796526979613,1.37957233325179,1.92571221997716,1.8689626416144,1.70541069060798,1.15556818682664,1.17389947930725,1.28837492974808,1.99258718889349,1.99897824299795,1.18656857991198
1.05652875926295,1.07318407963612,1.23362811117304,1.48783336977415,1.991011252356,1.19281613168933,1.03386550887427,1.05694834127499,1.92337335418174,1.98739382840247,1.44515709345327
1.02189983195972,1.05483446680609,1.09852295149522,1.24446540758925,1.2502899999144,1.03997012367303,1.01345446746817,1.02132846486214,1.10381010663965,1.98162329970166,1.06064265244257
1.00707395280131,1.02465982662678,1.12050950196593,1.26991370119976,1.34185862883141,1.0914385573408,1.00151460304285,1.00698836137432,1.38667260880367,1.86482913835544,1.0675565902073
1.16083898571356,1.19066389708872,1.82433245897007,1.96966355663335,1.93136006830643,1.14457871748115,1.11279746059168,1.16037619286014,1.72736125542139,1.97160418848561,1.82291200685216
1.22361723296808,1.50973546707942,1.93917173859731,1.56362972507162,1.38811196990056,1.1315607258226,1.13338446854664,1.23333494677937,1.70082527030679,1.82745352485222,1.75329854179054
1.02233022621454,1.04699048512776,1.18783120581511,1.35845441322861,1.98863139069413,1.13662802392536,1.0109804052606,1.02176367116109,1.97019445482012,1.82916842268172,1.61419157952126
1.09309032702963,1.11107215686325,1.35765633394853,1.55792586436344,1.97522308389963,1.12127098246548,1.06144710992241,1.0919372246718,1.61943173369171,1.99997586041023,1.29665335296943
1.03259656211932,1.08158683587581,1.25872329463092,1.62321191207611,1.48203280305798,1.10272389657412,1.02512175435144,1.03099725214328,1.58588815916357,1.88027049568059,1.06708320227567
1.00990730183213,1.01737466655489,1.09076887059689,1.19919492202312,1.35893610815059,1.01641314653341,1.0052958750383,1.00952952448286,1.14088779516162,1.97256822766345,1.18711899668115
1.02007557787708,1.09619986997041,1.24589324959849,1.50197013261355,1.86563974956914,1.05651001237973,1.01215012213897,1.02091418925669,1.17656278917692,1.96535694441243,1.03819212811652
1.1409968719844,1.18429150732137,1.79115564363769,1.97289674358047,1.80838384282601,1.05508961654817,1.09977346268662,1.14508894135897,1.84580727036487,1.98419693879738,1.99939037075987
1.00430993620264,1.00413664756374,1.05003057985537,1.13050052945415,1.54071932572564,1.01567768797695,1.00155068693545,1.00419980365925,1.23785047453859,1.97495772427105,1.02215659470935
1.0080625658185,1.00966731865707,1.08715406820035,1.15381024851047,1.52122112760526,1.02703612044881,1.00323481806268,1.00815384408642,1.59287818776479,1.9626807672454,1.04717266552916
1.0109870083035,1.02229499034894,1.1119164572629,1.24839973584207,1.270046775277,1.01522791485316,1.00454477811053,1.01054504996187,1.12502462797855,1.95408893552588,1.03652741516378
1.00561767078102,1.01078722237029,1.21921929456369,1.42615444491901,1.6559181260345,1.03988193538034,1.00247687133971,1.00531696319776,1.82537246483882,1.87024989313672,1.21142743945957
1.04231504322762,1.19755701371728,1.36992271517848,1.76522186032939,1.921413625484,1.20631564836598,1.02281735184522,1.04389273059928,1.71661173936231,1.21530296242355,1.2766539146785
1.00235513631831,1.00210407904192,1.06055684004536,1.22349047029092,1.44725065919383,1.00627568188425,1.00020769493571,1.0023016037214,1.15041517672214,1.39365971080043,1.0528315258782
1.07895643677816,1.12404671430507,1.39732953437609,1.63776001008981,1.97676590615808,1.12501409676971,1.04101753187003,1.07917532743393,1.89451732761767,1.3377495897192,1.90743619097275
1.00832859285322,1.01925049927203,1.09836556285041,1.20206940575121,1.32754997264404,1.01171698822163,1.00434563117784,1.00824006654933,1.72010644181411,1.19460579669423,1.03627579898072
1.00798505198693,1.03197116593014,1.07417739528027,1.20510638445353,1.32278151650593,1.09439321047572,1.00175689281253,1.00716395295591,1.61147884141811,1.29361481802933,1.10789462973372
1.00578514942357,1.01127291798697,1.11440190210855,1.28199983286057,1.51050225928124,1.01470916950533,1.0023517866224,1.00567465455642,1.39272752320022,1.43990433603709,1.0717445723926
1.00777608081505,1.00609478825558,1.09510050770286,1.27208594998667,1.39052881036791,1.01341859320811,1.00090666612319,1.00753649150198,1.22480888886197,1.55709477207428,1.20200051619417
1.00899366721644,1.01748610543205,1.1313287529934,1.28740012034019,1.2069909610656,1.02407060656794,1.00152810441649,1.0089820085646,1.10251604234536,1.34946459121223,1.07470409846656
1.0087459161583,1.01640288722866,1.07809700248856,1.14115536250263,1.33644109440327,1.01865136467937,1.00419086702413,1.00846517709144,1.30188101299164,1.32895030736073,1.06293115559531
1.00658019004982,1.0077300731378,1.04957337170234,1.14241384415205,1.55103637117631,1.01720845996085,1.00167472550384,1.00663249938238,1.34322602386652,1.06131264705285,1.11788456375456
1.00612714915207,1.01425735633294,1.11418933036012,1.2402589109715,1.67965011127088,1.02583389096372,1.00374800557988,1.0067145537052,1.57665274890542,1.26318001802389,1.04956011551968
1.01784299032885,1.05213377153281,1.26094874602363,1.53159283495689,1.34025103770234,1.07668003334161,1.01286616711669,1.01818346814835,1.44780741997251,1.99591887016053,1.32486201248856
1.00523880318836,1.01234199390408,1.06610366075608,1.15648662706041,1.36241472110269,1.01503864205028,1.00154459320804,1.00560294500562,1.32322346349751,1.32157238720448,1.06068960020578
1.01941051570141,1.06713291896692,1.13438834570014,1.26776724562583,1.98569705804133,1.24844841707418,1.0102556350497,1.02007631478092,1.39922720474205,1.20091150072686,1.0699068914646
1.02290963883825,1.08217665719176,1.17137731253331,1.36279381217473,1.71493964899746,1.19904043427403,1.01806891603933,1.02362678402437,1.50914110629494,1.07104175224268,1.11632078042561
1.01117733831973,1.01477569748757,1.07372669572772,1.16275509310385,1.40796082836032,1.00119674208176,1.0047737592455,1.01092581827277,1.20023863977466,1.22445327169238,1.02226406988551
1.16006873759148,1.17194271910757,1.4780578504258,1.84824329914397,1.6386035052742,1.07856106362203,1.1216157531159,1.1617672371906,1.8817309683146,1.49372680601954,1.46776019240123
1.01524821753209,1.02439514931177,1.09158911791524,1.20711047230445,1.39788884330814,1.03761890127401,1.00372732671296,1.01498811756439,1.41793977300811,1.08865947962881,1.05349699053839
1.34696325934197,1.34947852899655,1.86502913354882,1.88245157408828,1.94117495283655,1.05356381959429,1.19523421852844,1.35074138220876,1.84902544019384,1.36671008130403,1.95779756036382
1.02590292791357,1.04359466827848,1.12418939183182,1.22796582416831,1.98480179802249,1.23788535240768,1.00890354335641,1.02533485958776,1.93069896110469,1.17873288715463,1.34981768001052
1.01526711849867,1.03338322810012,1.11670695345728,1.23457039305624,1.29766810426385,1.02199495383044,1.00984723824871,1.01470198039787,1.21256159231627,1.31873397469641,1.02729318377353
1.28484290012006,1.30276115665669,1.80742455497443,1.82623614550159,1.6310406458515,1.17466248956094,1.20274764788123,1.28307611262349,1.99948765054883,1.90512812338353,1.88048814947363
1.04320660516098,1.17733445293475,1.544828998508,1.9350311031744,1.89950941105239,1.19039907911112,1.0324073498404,1.04191671684117,1.2067404938534,1.20484812043592,1.41326714725513
1.01763940952057,1.08930922505898,1.14375169260894,1.30134202295214,1.89910964180505,1.19798737837524,1.00850423237424,1.01697994582084,1.76867840747092,1.11439436545381,1.13334296663719
1.00334509188044,1.00449017034031,1.0790512076595,1.23229626552662,1.53452773869333,1.02313686449294,1.00082072425509,1.00302653975954,1.79633713137075,1.46439550956933,1.10215550563056
1.00835013795318,1.02907121957704,1.09645227848921,1.23095621601854,1.26163738366475,1.0081793661108,1.00364371833966,1.00791315574016,1.14675765384046,1.35356716531339,1.01493424437556
1.01319948940905,1.14287446739223,1.14637122229111,1.33238883214906,1.31384303633208,1.01215831602075,1.00738828316852,1.01264226117868,1.35290963478628,1.47568885694111,1.04329533208537
1.03107379092876,1.07818607939073,1.33032604053555,1.56695025323306,1.96254186666012,1.20283562454848,1.01897305845915,1.03070789460692,1.99720576927547,1.34224684865417,1.73881531064328
1.27421399912961,1.28436361993584,1.8968270839723,1.9970110092489,1.57533633653876,1.10610958639575,1.1670698840942,1.27029424405426,1.81010928217419,1.17992860630877,1.91538102399812
1.01566109351396,1.01004420541797,1.09510010590397,1.16376097508047,1.30043399570382,1.00325230730832,1.00463071926312,1.01527851903082,1.30061910182916,1.38185012097133,1.12201949598407
1.04813933059454,1.16395232273194,1.21805811432582,1.4283256032406,1.97366206180858,1.24000853880712,1.03315413049083,1.04796061416828,1.19636255415589,1.56313529322784,1.14586355131256
1.07902654154025,1.14983792727621,1.76950731584083,1.96539050109022,1.81373942901538,1.22441966601566,1.06579252241049,1.07810831766461,1.80883973459875,1.40203001860594,1.80061699611056
1.00707545893846,1.02383103340886,1.13096171723815,1.24482503626851,1.29535289902814,1.00208117890246,1.00162327900588,1.00653697231519,1.1896574391079,1.174718581631,1.07167929334106
1.02283331879649,1.00777179879982,1.10215200618274,1.16949927756852,1.31082216476267,1.04105151099857,1.00712804747219,1.02229271355401,1.20641329449327,1.52336452793369,1.12905491765567
1.01392461177585,1.00682196793778,1.14514617345231,1.2768627770555,1.30809766975906,1.01077662275072,1.00178581824821,1.01321675205818,1.33926673196742,1.56799400661471,1.089595053669
1.09501916772859,1.1502474135412,1.36178697499072,1.52077964946195,1.82070178946056,1.10253026574771,1.06380127368576,1.09631120286148,1.98225124046397,1.62154660422193,1.7789438379302
1.00324667713496,1.0131571843741,1.07573812812401,1.19941711916677,1.42682375629268,1.014193559761,1.00044211497018,1.00312372450059,1.15880373636633,1.56486865205014,1.00257930146038
1.00594858045945,1.01858666606249,1.07914519558675,1.18658356048768,1.87878020279187,1.08651545627147,1.00287980165098,1.0058427483948,1.67400875321093,1.23554096698988,1.20022366862338
1.00393912087975,1.00910815137378,1.07735526304805,1.17294465508706,1.44992555421242,1.01664868071428,1.00219586730334,1.00379637877519,1.50075169398594,1.46662890432153,1.05535466676341
1.20163759511925,1.34002492192022,1.70552509135839,1.88950635268927,1.96595100366412,1.10371847280948,1.15431930035013,1.20236891424291,1.93833970869476,1.71267142204959,1.87154841837119
1.00500005573234,1.01730360523796,1.0730509613313,1.17209639731474,1.50966271919514,1.00419050691991,1.00164036766317,1.00504653757676,1.23623819694969,1.45322925984266,1.04199267378331
1.05028518599499,1.04913373432345,1.1543302828055,1.26056542695667,1.90043844771848,1.13277519220509,1.03315219122154,1.05412163529239,1.62466409180527,1.36598101890836,1.61711075273238
1.01244975961696,1.03246604022134,1.17339586415794,1.32900211453985,1.80014708290227,1.12446305874665,1.00565523866196,1.01189896927275,1.83744718601809,1.573194266326,1.2188206949409
1.0023120108133,1.00931469556559,1.0880813911872,1.28431824230026,1.21468282401211,1.01208269877563,1,1.00230602980848,1.14998952607268,1.31189371569156,1.07143150789135
1.01177497414824,1.02014379530519,1.07207810538712,1.15657115645488,1.29707633711203,1.01841091537947,1.00523814256764,1.01161000686215,1.17388763813891,1.28180336417241,1.05551760093708
1.030015537839,1.16718744747786,1.79705621891391,1.9774804451248,1.96086983098541,1.13175612062738,1.04060911859554,1.02822689125687,1.38249209749268,1.37312579498195,1.06205855723855
1.00638206343964,1.0099870331669,1.06815027800121,1.17532301210459,1.45036403029834,1.01241569734314,1.00383786129304,1.0060102233017,1.28193298058981,1.1183100476465,1.05820102632006
1.02798494729363,1.06664117993219,1.3052197034739,1.65053721087348,1.9819006965003,1.14269801696533,1.02444618654978,1.02872483470097,1.5026192809189,1.31130104146123,1.24041734664534
1.00341817831595,1.00559585222682,1.03479193388528,1.10839262706991,1.71330119041472,1.02648639713355,1.00079160202491,1.00336821516406,1.30949852496841,1.24584492065437,1.08428670657988
1.06776822031787,1.07746652773693,1.17930206393277,1.29213900327724,1.95026096479483,1.10335813917366,1.04824356366771,1.0698272950362,1.99842630570306,1.09919572265378,1.67298539924705
1.00713310829034,1.01619497129703,1.07045186579115,1.1898893113593,1.33831323511192,1.02843386854205,1.00509710606395,1.00701401939693,1.17666870958731,1.91209970735917,1.04282363734191
1.00666007043707,1.04450697469811,1.09549740976337,1.30916395189006,1.27349631671402,1.01408594258487,1.00339319631651,1.00632688497527,1.31607765703461,1.67419421927199,1.05593776089544
1.0077259128333,1.03429303375442,1.08746936507268,1.18860760807471,1.35678078647814,1.059414589321,1.00419956350446,1.00790260101955,1.18287235597442,1.41880195685721,1.03518193058471
1.67547554126316,1.80354513746419,1.9342961147055,1.72233354815173,1.43294994458408,1.08844099680354,1.26127375177749,1.68160246522935,1.98403010549832,1.99924973986374,1.86877788211724
1.13123982395608,1.20502190922147,1.57163623286352,1.78249174092867,1.99830443484889,1.09103500818469,1.08724481848472,1.12619715042623,1.92980564679145,1.47712487534209,1.33903005388951
1.04210488943616,1.07353367333548,1.38445378808407,1.56422909489028,1.9034224915567,1.17161862866047,1.03319467526581,1.0419085412033,1.99981738804349,1.33362953817653,1.99630277634462
1.20061133772235,1.30780749100588,1.94348141072438,1.99991786817246,1.73400017978509,1.2116766047474,1.17303896985631,1.19891618491503,1.99994224476709,1.31706888296091,1.98028942754827
1.17320646970664,1.24644641833892,1.95457042425381,1.98008568360244,1.84060115912661,1.21970784951187,1.16879456376496,1.1678251428936,1.70955021968385,1.20886636799512,1.8161707970976
1.0101114877689,1.00539296888091,1.04218283530711,1.12864962161844,1.5483139104436,1.00318127519125,1.00302390529819,1.00948448458811,1.78041131832285,1.32946418236993,1.10707598429155
1.61162996460106,1.9869637457213,1.80053264579779,1.72543066370247,1.32590939597638,1.08642316672242,1.32390990820092,1.62726361328714,1.84791106790526,1.08242983299348,1.55923738292968
1.06368837821288,1.1210460117673,1.21368176767187,1.63207501203071,1.98792037259193,1.17166663264306,1.033334160836,1.06193121327328,1.99209968159409,1.56015916984922,1.25670502177544
1.04643045657617,1.15554876040478,1.46597402171856,1.96477434604785,1.80792124021887,1.19617381838324,1.02119979420965,1.04523324392624,1.93116404487502,1.53100334831378,1.10319159392838
1.01092787894841,1.04963190297952,1.13291711250724,1.29351699452493,1.33826696430034,1.00711738496602,1.00763185887241,1.01101027397699,1.38213285420368,1.47996066316614,1.05107835858722
1.02960450265803,1.12388127169017,1.45458838692006,1.86352496197981,1.91128981636383,1.19457332562569,1.02480261980312,1.02909827836677,1.59772102224759,1.1327196661378,1.07560263511289
1.11091944878752,1.2236921774746,1.56748882975962,1.82077524528552,1.85183798099829,1.11887939384975,1.08107264721482,1.10766567507637,1.72395169195455,1.37552979213581,1.24368532024803
1.00593889838043,1.01745087551411,1.0636063820872,1.19101192234807,1.68366738719451,1.03472363933098,1.00306815441404,1.00592163969463,1.97734037413174,1.98936509098735,1.01819742982976
1.00224867362359,1.00983005997167,1.11375382065623,1.29919751367602,1.4329304238154,1.00880678887727,1,1.00219538887638,1.22224922087123,1.14443174919939,1.06277210001544
1.01482127170917,1.05150525476633,1.2190943687876,1.31356983079697,1.25750628078957,1,1.00606748074718,1.01469052921242,1.20085870008169,1.23462319034583,1.01760557752637
1.05759169778975,1.14334668470019,1.27123654888446,1.50625571031324,1.95570502305008,1.23468484139965,1.03663612401654,1.05569878163798,1.33487990537011,1.62379182012215,1.43147476584667
1.00761943984845,1.02045082985528,1.06125961009406,1.16814499129298,1.28077389596432,1.03903901792897,1.00258301134808,1.00819511347522,1.16292526661662,1.38570598758366,1.16109030952796
1.00577054001731,1.01386297426079,1.07912745615054,1.20260523719881,1.5772145491821,1.01822651459928,1.00222582808458,1.00546044949718,1.14481952216748,1.19681773288386,1.03426740112592
1.07122918711515,1.38677163299758,1.43795987344796,1.66862963342699,1.9991911346065,1.22767595369541,1.07376475223297,1.06834572392789,1.9004450673582,1.1825757242442,1.50933957342195
1.5419200468066,1.29509407344301,1.79462192631362,1.98031870421284,1.26006821415229,1.33521851831008,1.28681932288275,1.52318088586486,1.36050643768293,1.12435468323425,1.61470334148073
1.19265806478503,1.98783652130125,1.62023964911355,1.88056392652478,1.98849533306083,1.27679399989888,1.18867078311078,1.18591774757238,1.55836164607133,1.21564527627556,1.23296792015926
1.03881671605132,1.06280203209783,1.63925514610191,1.52309519562286,1.54415635990235,1.11932789943583,1.03654690323917,1.03786577341721,1.72733428979665,1.27182751008406,1.60107853109402
1.12550450878089,1.20906239130812,1.53922289178558,1.80385246618573,1.9731267988438,1.0994788158098,1.10890944605377,1.12288169588451,1.52371876364102,1.21876386194831,1.98489813301361
1.05714178820843,1.14651803603712,1.49532585500661,1.69364260260365,1.98329881046456,1.12981324474164,1.06575461053242,1.05638427669623,1.98745156744942,1.30278602673592,1.91783310625778
1.15079508271372,1.37164908431433,1.63419782546708,1.79855015536041,1.99868860458378,1.07613665663243,1.15499813684608,1.15220025514173,1.63108571944117,1.22042704198855,1.72684798602977
1.05937109994135,1.24149281914681,1.50009068649881,1.72542675981918,1.94128186825349,1.06716060029084,1.05453492798359,1.05704079214746,1.99261825028113,1.17810759878796,1.27898964701723
1.05786206845543,1.13086265928459,1.44834067306044,1.58316945604646,1.97253790417283,1.29973698763869,1.07161217536811,1.05692848391431,1.92854913433519,1.30047185947498,1.50845460862206
1.0405569510324,1.06797538077493,1.65072532846725,1.49738039898333,1.78485706526392,1.11338385533413,1.04754820055101,1.04016675397423,1.66481398502151,1.23330583816638,1.98965215126961
1.35734439215243,1.2768097169623,1.80222926186398,1.99725308321306,1.9625973097427,1.2972477182287,1.26194277239459,1.34844088906276,1.8228408789159,1.78725273604969,1.14948278685718
1.05623155236663,1.11813639326155,1.50273285754534,1.51117446697026,1.71673581627265,1.18879362729312,1.06264639079515,1.0566657010399,1.99950498676523,1.61883210997592,1.47786143004364
1.05585442784088,1.11718217248636,1.5081828112118,1.5088270970778,1.62404463098297,1.35451240115217,1.07361869483216,1.05539280979294,1.96767943130023,1.53390822265582,1.97983624639115
1.05183540519956,1.09772185793918,1.44310433921521,1.46716625933585,1.63876392081601,1.16648016149992,1.05439006629691,1.05207047565115,1.73013620612477,1.45258990222104,1.94472652294863
1.04719499593976,1.1053549373498,1.47330491668406,1.45466476031765,1.56942560307357,1.09440932717372,1.05006447350528,1.04678768597284,1.99948502929142,1.71518589085825,1.89203884747707
1.22789684398661,1.60400110759454,1.59260234958625,1.71004933452257,1.85776493834668,1.11753828779401,1.2427318530217,1.22533452181017,1.96542613113272,1.86915774565789,1.73806959228279
1.03229822903441,1.10166262401413,1.99459135894276,1.93562874156505,1.98250304359693,1.12612293071602,1.04216020729842,1.03284780649439,1.91632204315655,1.74721234074024,1.83787365783622
1.19746798593614,1.85772585370882,1.9660027230375,1.99634482143968,1.99279517074395,1.92602078031078,1.27250449965165,1.19553576254095,1.32480451887001,1.95735946659054,1.45510890016293
1.11433659813248,1.28118760292937,1.35203171185535,1.54150809649717,1.99703590931322,1.05935415659331,1.1184157308002,1.11624692634975,1.7391220653843,1.53649163875737,1.56800158115928
1.05419522343526,1.09377584317383,1.47616462446322,1.45140447252204,1.46227012564084,1.05015585186123,1.0562383367352,1.0537189453023,1.70980219106032,1.42197843233696,1.93809883062015
1.40799908288634,1.30534503149889,1.55187762246913,1.84884984770906,1.73361331494396,1.08161947128278,1.31582643455548,1.41181706998935,1.52472327187251,1.99132407756011,1.36955752540633
1.04335594941734,1.09866682702737,1.3019651363299,1.45432862448637,1.82463947194567,1.11501028327297,1.0545906998422,1.04295120754227,1.43070268843041,1.92218339440878,1.98735610266208
1.0327119818123,1.11176449319059,1.8281254575669,1.88731914924253,1.79264085898628,1.31672447254768,1.08618729461552,1.03303682626414,1.99292939089927,1.22372129149074,1.96890133563069
1.19614226272123,1.51495631285628,1.38391279622159,1.57935050976101,1.95436106702407,1.15567501770233,1.20784293355692,1.19502054413718,1.99276931117758,1.72780609851213,1.78475809403225
1.07397802156983,1.12267369332858,1.46881339935941,1.42944248520249,1.51492247316217,1.12195850195406,1.07876691798803,1.0737815592866,1.9050771776549,1.87313458623066,1.99962622953321
1.0359209316459,1.07637000066702,1.56986611682136,1.48262792017788,1.6620981063389,1.20768084567884,1.03499659642377,1.03639181773563,1.99215858147596,1.85104753659356,1.99977215740211
1.05040056315237,1.10934214287018,1.93003514241936,1.82529714822888,1.77753051618098,1.07556322551973,1.05666861512881,1.0500815790111,1.99449763739716,1.86910542587568,1.8330786596491
1.0558129625922,1.14506582616855,1.60066687711106,1.58890537453144,1.76817288159699,1.27276476118144,1.06039114210284,1.05483356869323,1.96932403825607,1.59701173129205,1.99910466239254
1.05465446981685,1.10742059304001,1.4953242806861,1.73015966851941,1.93307935276723,1.09893768592485,1.05914935399109,1.05490251876647,1.73250841026896,1.62780523726518,1.82514844472405
1.02492219177304,1.1007168175188,1.98204902445416,1.98361402444471,1.86261123642371,1.99344454274699,1.03978150480482,1.02458257022837,1.99673417900568,1.85788374517166,1.63754288862331
1.03063775449089,1.07974305370827,1.31288670860448,1.32359023795638,1.84104619282568,1.12219795638133,1.03659670065757,1.03003204453731,1.63671465541939,1.53117606003238,1.82656236803571
1.17885264515842,1.60359216460279,1.75318936760297,1.90535936037897,1.87257365622917,1.15587807499617,1.19386083144099,1.17886688923173,1.82066866958984,1.98002603493591,1.91900797132403
1.31053900739607,1.31280451626679,1.88793451853704,1.9291524242779,1.95154616486625,1.16515626919793,1.19013816881687,1.30521183081359,1.66594910815414,1.98494598110699,1.82774170219886
1.074013579508,1.42862901475751,1.88204728704924,1.6842233759204,1.90722439615191,1.12727910845835,1.02771632787529,1.07221070751175,1.992893821981,1.99056572740688,1.58656213265174
1.07490803512672,1.27416013986342,1.6212169996672,1.89677202432386,1.94531403859886,1.05490955430765,1.07572074071671,1.07488132019844,1.99207857073735,1.95473433251436,1.28447733158916
1.48657349271321,1.33920998573855,1.85563101191006,1.99953173636245,1.31651782751715,1.2147046372475,1.30743002279871,1.48995249699707,1.26973794761269,1.99995041016515,1.32291244360743
1.06551069672975,1.1232153817678,1.48266821874823,1.47898714002109,1.5688226943547,1.1284671042306,1.07140868280132,1.06538295293569,1.9265615381473,1.93253081216393,1.90075096653591
1.07706337111367,1.11852787472796,1.42293290582851,1.39685226003961,1.43600856385725,1.11998664137561,1.09359204351022,1.07693614854125,1.89301238402529,1.8299373935944,1.82118879805828
1.1877779270447,1.24006281479047,1.41699045821514,1.65868788696035,1.99984629143519,1.19636032007468,1.12990349650944,1.18908686009109,1.34696124183378,1.78726482611671,1.41586672192037
1.10218024138976,1.32260734032795,1.47386090829792,1.78661193487624,1.98906932920547,1.08468085167601,1.11003282881314,1.10030661546698,1.99753255458705,1.94395182926907,1.67399726994885
1.04716104868711,1.09927052106148,1.7056638274631,1.83626524634212,1.52211353589648,1.06653093197861,1.04170687130363,1.04612751065861,1.97036677922405,1.96438038892873,1.68175242421035
1.11269782234292,1.580533917446,1.51689872660288,1.9028034062317,1.98073802231634,1.0799992820603,1.08186650050569,1.11039840123171,1.7395733706391,1.99948443355205,1.25384297946478
1.04866878318519,1.22981885000924,1.69102614985268,1.98854146918455,1.98752255399461,1.09190014539237,1.05814309415776,1.04802917050287,1.99768263700715,1.9476683901884,1.58980139944572
1.09551355927967,1.67276619741677,1.54199060444005,1.90861750984707,1.99393460437451,1.81593539371031,1.11041061044668,1.09308774675974,1.61822374066526,1.85324364966104,1.3729467394799
1.0511813541411,1.09338471382144,1.39836546781895,1.43847408647204,1.88512291765674,1.11466534744235,1.04882087432424,1.05216718499474,1.93950917882259,1.93341389601019,1.89185899083077
1.08537284149705,1.56633456610261,1.98629577744137,1.96839584462286,1.89491949957127,1.70800378113797,1.10228137013906,1.08607352528873,1.45949694218688,1.99962640828033,1.26606186836503
1.04471211207214,1.0926787112136,1.4245008735139,1.46447225318206,1.49769160830537,1.09962184584699,1.04779854582184,1.04419588074342,1.9994140792298,1.99801975057051,1.75178153664095
1.30092670570261,1.27931323488244,1.71047488490483,1.95262708584896,1.93134828465683,1.2693758565744,1.24453447613519,1.3019028944322,1.43886784676696,1.94501082222225,1.18345392418352
1.16431661010854,1.7833294327601,1.8829313688938,1.97924234818621,1.97053757151431,1.28118014591717,1.19260939301978,1.16072273907547,1.88459087931315,1.99491871244917,1.317238303577
1.19957229902937,1.12598298489591,1.60504358146174,1.99875039500635,1.87235887536148,1.33103805214566,1.18374200184157,1.19643126422527,1.8899676616018,1.98772159057621,1.36791348820922
1.08167585909766,1.21118953726952,1.43962364842075,1.68849657202472,1.90589647947044,1.10095911230683,1.0709397468321,1.08240352413211,1.42789526797105,1.93320603897583,1.80897072473255
1.01306614088103,1.02663725198091,1.52752588895485,1.42700434762595,1.64292506325711,1.66688642153839,1.01221949611967,1.01427659597021,1.94821158928856,1.99616412322219,1.99583345241819
1.46943151897473,1.30846293976278,1.57704378514352,1.7497785069094,1.52140022743289,1.2151885128174,1.30591363841667,1.47018856873219,1.41380393822586,1.9582000233494,1.45376574349914
1.65649578072078,1.37180389201978,1.76064937395144,1.90993775279141,1.23120409196992,1.33006832796668,1.40215850452636,1.65404312496897,1.19236273587233,1.99961419396723,1.38814073670699
1.03161784708124,1.06893741743428,1.30294020637546,1.40830884015863,1.6579944504299,1.09950894982959,1.02934452950964,1.03184681722181,1.88983737182731,1.99985463483768,1.70166129429418
1.29077377930249,1.24412120186979,1.92369539225447,1.8650853721082,1.74831654600165,1.44644564505369,1.25046218861026,1.28082471926673,1.3939617461217,1.993419140029,1.38478774593353
1.20338634633406,1.31171297248453,1.99881564221982,1.6597878208169,1.97137553051198,1.20715221915841,1.16058361906246,1.19765345404609,1.99937053470824,1.96918540923643,1.22929206149381
1.08389538103724,1.33722593020516,1.55734789351788,1.54534967976829,1.99496639252632,1.93864068048797,1.14717072015035,1.08420335201697,1.69088822960237,1.99913777345844,1.83446633798429
1.03195136680813,1.05985272385267,1.79426553881716,1.57255329479716,1.9229355972723,1.17261083615397,1.05404450499742,1.03265845933858,1.9999920130095,1.99959858369649,1.95189854213892
1.05383977601768,1.10362073274057,1.5676523581064,1.48876717686442,1.60606054369193,1.14430171455594,1.05748720938645,1.05412118377024,1.99869824792415,1.99770012034033,1.99579641461343
1.04912023233716,1.17057589400038,1.55176886609213,1.62516327131313,1.99329805671684,1.13541771303674,1.04568208306832,1.04836341565129,1.87898677919611,1.99674083296416,1.58964152059022
1.01569861206076,1.07767015208791,1.98025781439751,1.99912449316898,1.91713834134188,1.3877982863291,1.03157564436775,1.01524157174939,1.82407473119585,1.96287336649303,1.99991137182087
1.11489613006428,1.39813882457155,1.28023207026609,1.3900904340235,1.97037713468844,1.09110522935851,1.0881209172827,1.11660073690527,1.99920239083749,1.99717694215874,1.68248346987165
1.14580437981001,1.22794071505803,1.62331717987273,1.93979251528606,1.99449544414578,1.08128112762141,1.11666266584663,1.14786032510488,1.12947311965652,1.90948174888954,1.78371638190224
1.06466928435232,1.1498170997579,1.46852419704274,1.45963661784573,1.70512675962005,1.10697546578733,1.06508781218297,1.06558891357954,1.49935308443666,1.99996155574311,1.94250504550419
1.47656796209682,1.24119139009603,1.81257938693941,1.98910069371024,1.33461308341752,1.37368063287281,1.30791270396349,1.47498800219483,1.09762228046407,1.99581463656674,1.21296221223128
1.00526325374515,1.07181044074439,1.05797063276649,1.08823439080468,1.95448549198809,1.04928778209985,1.00479555063347,1.00538059101718,1.31208847368197,1.98217787823687,1.0980275835884
1.02909423550968,1.12381426569267,1.21366225602111,1.30326489209256,1.87022795011716,1.10975795242339,1.0330504028984,1.02832959533981,1.68897454066244,1.9567193527106,1.31182725137855
1.00863396885417,1.06961724100216,1.17375800282089,1.22516568282727,1.99999642372771,1.03156852969809,1.00651199446708,1.00887509573823,1.99923348013395,1.99928625077015,1.17014112628432
1.65412641710609,1.98220141444915,1.94775109159786,1.92906846664746,1.90750000426359,1.20476366788842,1.5320877275133,1.65460774327371,1.94174352539385,1.9682434917084,1.52457008329738
1.0310431011312,1.06680134274695,1.04338464622025,1.06832653926955,1.83922845814479,1.15154482689734,1.01412307169071,1.03212827720902,1.97237522847581,1.99999481440935,1.87362957283566
1.02920142261131,1.27324461094952,1.19054438929049,1.26197084126912,1.7006136453102,1.10541433003976,1.02386554403946,1.02852616213181,1.74273380535705,1.9521674516194,1.1280875316482
1.02457045615079,1.12937851168854,1.05208537963227,1.07106595715908,1.86348004611157,1.13083281365136,1.01792983905271,1.02544400792308,1.90821568860782,1.88925038590795,1.60040012826789
1.01349600063561,1.11747462391397,1.10847801270561,1.13581683432532,1.91231122410336,1.12028694325421,1.00601226793765,1.01326903080949,1.80517000996169,1.89358381094157,1.28864569740818
1.01507033662662,1.37892750792865,1.38300376552385,1.56285052366043,1.38024100395897,1.05225812187572,1.01630750059306,1.01520602839889,1.63541283620491,1.99720309455951,1.0384226849479
1.00572376768109,1.13072029794769,1.24071758262128,1.3126939507091,1.34137248668887,1.03493424210088,1.00651572590267,1.00600078108431,1.91644966193124,1.97552212762065,1.08208490488913
1.00549302090949,1.10261749088605,1.10146445340569,1.13765309285122,1.52752135156084,1.05776692818785,1.00528554165489,1.00550822458894,1.29808459791089,1.77454996310032,1.10238175264323
1.00608197622935,1.2280866698043,1.28588590465148,1.2802276253108,1.3622750601905,1.04473348509916,1.00591706952016,1.00597377802829,1.43917396406806,1.96655971381925,1.05387816615874
1.02669719672475,1.1662628394039,1.11256624411358,1.14606439285923,1.90323339331272,1.11708561814877,1.02346214477809,1.02538151132406,1.63290143563689,1.99848694913221,1.14052122834151
1.01399532229071,1.14770627417639,1.04900742018008,1.07170595898069,1.95791505445684,1.07637319169774,1.01129607282597,1.01409403733369,1.3583001912099,1.94349587568482,1.46198703729722
1.02861585714311,1.14097921877416,1.42134817113781,1.52442740054827,1.67897016616407,1.04375101889793,1.03142814552368,1.02766697665612,1.98999175255886,1.80217413660709,1.18019552075189
1.01974078707208,1.09535807705696,1.1284024348798,1.17711818392515,1.85598650546921,1.0845231977605,1.02178607499509,1.01945603212351,1.3990193013052,1.97048422467224,1.20219639320287
1.04149588497469,1.14921441745165,1.13558293682349,1.17901333886115,1.83976285271971,1.14205020267134,1.02135731388908,1.04018975827831,1.30574673393925,1.99507718041086,1.61583042695833
1.01056999606685,1.36844601416236,1.32196263705625,1.44466501618088,1.4769729342164,1.0560325344115,1.013733084502,1.01045054200059,1.49232717424406,1.95397446035573,1.04179933877355
1.00701052602785,1.08890327491637,1.09154906301533,1.14686301370159,1.5824955158773,1.0222907403947,1.0034856409008,1.00714365079577,1.50441052670969,1.9548380774764,1.14313963711257
1.00333125421432,1.13554927719372,1.07792740574144,1.12725194840979,1.51085661780331,1.03849933971266,1.00328279494469,1.00349762400603,1.94115260540874,1.73203975226276,1.1132460269351
1.00268270468593,1.2565764419187,1.1872986009371,1.24212338863803,1.37739476414776,1.05391250151826,1.00335599461491,1.00259449974539,1.37810303068052,1.91894728161404,1.05342759098948
1.22099747475672,1.99479590523385,1.61299817319036,1.77758150737225,1.82684061663271,1.15134224959898,1.19855904233476,1.22106802866001,1.97519942243497,1.9128181938284,1.50083449409467
1.06882478429232,1.21602046884659,1.17488611543845,1.28278223374354,1.70575667036559,1.24801973820051,1.06670260590205,1.06886686186377,1.9993315189984,1.93469176113812,1.57569919372073
1.00572905804266,1.15145108555139,1.1521312809807,1.22651802116861,1.35920410457423,1.05826051661591,1.00471757193442,1.00570134496711,1.46513312742381,1.9600562914564,1.2549195590905
1.00268916796896,1.13558430414738,1.04972399209941,1.08051968124874,1.74250528933698,1.03662065568627,1.0029376906784,1.00278097673778,1.3131996742922,1.99148150214434,1.03685641867122
1.01773853127647,1.77128284091444,1.33045521782377,1.64734499079775,1.80887415637342,1.094605497352,1.01241296513245,1.01736598248774,1.88402761670206,1.96076017425612,1.09288341165774
1.1077891048212,1.32239801747092,1.29565216006257,1.3785980482575,1.99776660737467,1.16447390178137,1.04656842873504,1.10724633920704,1.83495042843031,1.99085106719404,1.79586433087066
1.16113896203495,1.650371661456,1.65459301629856,1.89280490116999,1.70441923947277,1.16682158109232,1.14814991037094,1.16055424751014,1.92421884453161,1.9934367856712,1.23480949823503
1.01293330402712,1.13435614758193,1.23584275835344,1.38197843157671,1.57139709160758,1.02910294259052,1.00812416094022,1.01348803520252,1.74964073552742,1.99989212141217,1.15972269007511
1.00616378325627,1.11039548281866,1.17557316564003,1.26720425387521,1.61102423025299,1.04284494741106,1.00543262714861,1.00620408877901,1.33556375858532,1.99054488521857,1.05841450990657
1.00743583407658,1.07276550949651,1.11065273642384,1.16284321744734,1.63722580212004,1.02491106384533,1.00519188798083,1.00734441143888,1.95966651290232,1.99440706605629,1.17104096987801
1.04003342834792,1.12821968949967,1.32379156912863,1.42967651354304,1.72207053451898,1.05477719426874,1.03237216094322,1.03972750624195,1.99665647355936,1.99124348391555,1.23315638280201
1.00935972234522,1.11368285110914,1.09113502504086,1.16249515362365,1.83109665951537,1.08734603058379,1.00786032491081,1.00938776779034,1.65026360647056,1.99318717033408,1.2809067606751
1.05042274660234,1.2784286723601,1.29310173821872,1.45057819818527,1.89369067795725,1.13147099068143,1.04495872943122,1.04739817134939,1.96708040638089,1.99056596358149,1.28585383457215
1.05467955320406,1.28384869574567,1.30673693120406,1.40365398379368,1.5653402380056,1.15650498076156,1.02846183550909,1.05545478366934,1.81497100020212,1.95941172389807,1.2456401728336
1.13346605224904,1.40072930212942,1.45217098368278,1.59756502306537,1.93823154966416,1.13986495700731,1.0604085593304,1.13213442563696,1.49775495876652,1.93940542909197,1.40574184042047
1.01575370534553,1.1006058812066,1.17952182291355,1.2914574641994,1.9081633297175,1.04376086420483,1.01628728880261,1.01578360197668,1.99069468708084,1.99935200950195,1.50517957297012
1.42333587750179,1.76668112775765,1.89368747177128,1.99182492064175,1.75231625741734,1.19777367256108,1.39780655631529,1.42088237749384,1.98673798123814,1.89865116530804,1.73792283422073
1.09457883668927,1.176102212982,1.21756716170314,1.25221178612842,1.97595727784974,1.15540249250241,1.04658749315317,1.09496089712663,1.90204260896981,1.99832121501178,1.23639303153149
1.00944815428133,1.23246732890754,1.19369431819679,1.31645071307826,1.64157765107445,1.04554612818626,1.00622538527276,1.00961144704934,1.85435621512057,1.95822270787772,1.08489825546442
1.27379834844769,1.86760470563091,1.82974308224554,1.99444114789268,1.68294236068097,1.15424113860549,1.25448950483811,1.2720870998811,1.95992732112506,1.77442182245275,1.29914076407888
1.00659553887637,1.14828067990805,1.07379308191544,1.10651070020844,1.66465571727511,1.06026636538211,1.00711449384125,1.00644795871896,1.79073542767714,1.98003655060051,1.11753920549735
1.02068265405679,1.20529409382988,1.0758354165305,1.10152129045153,1.84415801329899,1.0941051654648,1.01347739216795,1.02015748950966,1.39861857817745,1.34415476688918,1.15640628532619
1.01162134773292,1.16057253987483,1.41696921570656,1.62854586617053,1.69435313742339,1.07769197582676,1.00893712693319,1.01243864825428,1.49764607716592,1.23767275209048,1.05573397870137
1.01147157409295,1.32184723645711,1.56816572953197,1.74584613093683,1.37977654972182,1.05164851128478,1.01184491662971,1.01142216229784,1.45333631874009,1.43510526854966,1.06992928026491
1.00505404421609,1.09543156730577,1.78046495489658,1.94333452196028,1.50638483355235,1.04638672451884,1.00444858765854,1.00491845008649,1.32055776849311,1.92635432234898,1.03234816349767
1.37601563381982,1.5059709245972,1.81029881077864,1.96751363342035,1.89257371228427,1.2031349124225,1.27611624493862,1.37866237338198,1.97607958020068,1.13273665361706,1.98088167404012
1.00662924853941,1.10082935143857,1.17576081061057,1.33420496504621,1.69374269094184,1.03903504506622,1.00493700428392,1.00648587405658,1.45180200754452,1.92047611901464,1.04181460237395
1.00981137126305,1.12873704749166,1.07223157938704,1.13049005467214,1.99857015385885,1.08191286338563,1.00808754082719,1.00928187813314,1.8021412034162,1.85868328326076,1.20755342491514
1.10241274972687,1.39144306087407,1.34303638008125,1.55980768461294,1.6112969120044,1.21841639551168,1.10200328647593,1.10236278650655,1.92401246331635,1.48981695592798,1.28305493611429
1.71057642762331,1.92750438786813,1.87113878357804,1.85813673603773,1.86609892104511,1.23436342518616,1.55361478263445,1.7084774617751,1.91561820166677,1.90974991215172,1.98107499654465
1.27159266376623,1.48363360666519,1.60599897076482,1.81691335633559,1.8528116015413,1.16952716418609,1.22714935809537,1.27165069778033,1.9524504089276,1.1173553451234,1.52865532966525
1.00497333336626,1.10490850269071,1.12175686458914,1.25411302155179,1.6363464172063,1.03256455490309,1.00311330458405,1.00501873205001,1.76889801073363,1.99965244611902,1.03440772499849
1.03305790861418,1.14279453586515,1.12174025024633,1.1437312884436,1.9875320310232,1.11008994619706,1.02254296644888,1.03082699001317,1.45336902099397,1.92635432234898,1.28559193183634
1.01607507601969,1.13373830682509,1.13930836048645,1.22327890957157,1.66286825793042,1.02969433441434,1.01048620095937,1.01655973553974,1.73150433222699,1.22073555161899,1.05681677845654
1.10174673450138,1.67396864599411,1.92826763210215,1.97710094763396,1.91728534997207,1.12425281314252,1.09812148230324,1.10221356044971,1.96099308053734,1.4513233093011,1.12219147735277
1.00960715507719,1.11958827007462,1.15456027612333,1.23936252985119,1.66489252094597,1.01574247858986,1.00805677482333,1.00938208633536,1.8767160944986,1.10305347494879,1.1568813790659
1.07122476222179,1.2568025801839,1.25394299054936,1.40003473390385,1.68097304312082,1.13361618177751,1.0358128351866,1.07190411968806,1.75702689783783,1.1450389473394,1.15738926637397
1.00890118862452,1.49615169714541,1.6495619688685,1.82521022162224,1.54797113364411,1.03761657166771,1.01482322081543,1.00962553595307,1.86634714722438,1.83828089037687,1.01238965197314
1.00501380767439,1.08278161935501,1.13003241397029,1.18887937953455,1.51973433978091,1.03561370890243,1.00471409052311,1.00485774851499,1.60482343815555,1.44448892854,1.03771682347971
1.02675013602242,1.13556590169698,1.1146142524172,1.16262659366887,1.97171257050475,1.11667099706917,1.0114032475295,1.02522059666865,1.41254034278826,1.15598838688507,1.20688888451302
1.01038970289502,1.07725012684102,1.1130821691452,1.19580770004188,1.57927769966955,1.05673263743731,1.00939006530838,1.01035943635962,1.40819836128502,1.15577370342603,1.33847923587358
1.02473517419393,1.12414375846934,1.16149784659824,1.21631739885786,1.87449497622094,1.10377381692128,1.02921772247359,1.02542049171595,1.81347157637841,1.56799400661471,1.15357434164604
1.03273880891834,1.14826320581932,1.15629788474311,1.18117383926975,2.00000005960465,1.10625327698798,1.02879297910867,1.03294837639098,1.92843934977131,1.12290757270463,1.45959522820859
1.00683112059219,1.1630129664125,1.08480059888036,1.16984933943383,1.92098979221815,1.04205932993904,1.0054620120451,1.00710720463463,1.55794781810253,1.07959629902532,1.25930475881387
1.01289769909751,1.25446975240567,1.12728634640803,1.24198522498142,1.80273316811447,1.02209181259204,1.01111394956682,1.01310005259064,1.87333882475714,1.11063349180252,1.02716674860061
1.07976226878894,1.30059127394735,1.21531880182791,1.43669374842404,1.85037842133827,1.12068579474913,1.05883920145341,1.07853734888142,1.99831121828506,1.56799400661471,1.2555086485508
1.57896990127965,1.77682532044625,1.97136556992142,1.97775703290046,1.61872312808693,1.29348209319871,1.59558434825803,1.58137123985127,1.98428517703237,1.86795351943041,1.82318622195583
1.00767653299647,1.08268209303689,1.27028883540539,1.45211994573143,1.79047855358046,1.02919221460679,1.00871101344428,1.00756204977438,1.89693421014955,1.162538347966,1.25996205635418
1.23626643923351,1.99991572258378,1.68084818773521,1.80225646275038,1.91862836705895,1.15378300532431,1.21033464780866,1.24019094930294,1.98980234977368,1.11603483137295,1.51113522403246
1.1562916525438,1.37949105065983,1.42838577510997,1.74473170695119,1.80630894020438,1.24137175348221,1.15066736581837,1.15433453003142,1.99966340962238,1.95166705316785,1.47759306187967
1.00625312021522,1.08031107872606,1.19997164212128,1.30242735346357,1.60212751620612,1.03758062192896,1.00527743174205,1.00614351088913,1.62476309676615,1.29568715983398,1.07933700286684
1.01604540945655,1.31768066419357,1.37538843026304,1.5092994498155,1.70478755303656,1.02930999506785,1.01752666205199,1.01658942303211,1.9254822043096,1.96661181101229,1.1455041375079
1.00494601120082,1.13811631465062,1.08021914353568,1.10506963452239,1.8051594487669,1.09132041158388,1.00244618110442,1.00506257232839,1.46527698734476,1.12432939396038,1.08281738905208
1.19763844713013,1.23602236729093,1.6736569358449,1.91248392664133,1.54631148812062,1.08161726262329,1.09856192074943,1.18810578206076,1.99944350710771,1.90512779887982,1.99998068828157
1.00180249255756,1.077020828452,1.04956773510513,1.08109169739191,1.56853725126338,1.01739350462525,1.001812533408,1.00176346675649,1.35928995555043,1.88026707136848,1.03027925152981
1.00351577923813,1.0655254225446,1.05971868676366,1.09719362959409,1.58692181195984,1.03459604057719,1.00316953691002,1.00345789996091,1.65587888098247,1.48863273467849,1.14699837101597
1.01253640940309,1.12175827499545,1.10326409494665,1.14388697267911,1.45249662851829,1.09278832151784,1.00685291853182,1.01314466366872,1.22721854606401,1.14457668725689,1.14618373474352
1.01205745441647,1.15137284011487,1.50729055214637,1.7707796334308,1.66930865994831,1.03359937913958,1.00943576241354,1.01211298110278,1.99749438349601,1.147076950641,1.14249060977424
1.00574931793452,1.44655936169504,1.28645780159839,1.36877863732986,1.44368666463082,1.05367155021471,1.00624686340248,1.00587870556175,1.47208051738923,1.49132075683021,1.02573582619615
1.01027203688977,1.36154809624658,1.27732689232581,1.34391474337704,1.627715612725,1.09347376475148,1.00580138287365,1.01013345286283,1.52707974527897,1.15875535125727,1.14336665327901
1.09152108345077,1.16189893575042,1.21027916139179,1.26474206383035,1.90387393128337,1.12941170223857,1.07757256172567,1.09448026340936,1.99976834358121,1.93042293920914,1.22242728544691
1.01181682982291,1.28346348762239,1.12898648970011,1.16473547688045,1.70343082130654,1.0468377581052,1.00769594665395,1.01210321013967,1.63558859251844,1.96333782676444,1.04288161207474
1.00680914268469,1.25348827020055,1.18814705234907,1.25838982974382,1.67645549889585,1.0451456703919,1.00710732494761,1.00688748430523,1.83339611179851,1.3853608371406,1.0459153355954
1.16104836016098,1.60512220362637,1.27834877744989,1.36230074038345,1.75919333997081,1.1438952191032,1.13085930418499,1.1614986601347,1.89740564474022,1.97031257390449,1.40825886615778
1.01298884236994,1.37688109292315,1.51887408401046,1.6634790998817,1.50055687120167,1.04385480571358,1.01000324668084,1.01369245007966,1.70835092265367,1.09506790487343,1.01401887476855
1.00421539857812,1.12131622948617,1.14269880012307,1.19162268854623,1.33931152833659,1.06543438729868,1.00254872637373,1.0041788710094,1.22130931930314,1.92635410116564,1.09521944643351
1.02234242333938,1.183166840005,1.40895589284021,1.55300133435758,1.84514832978118,1.08734246543578,1.0130334465887,1.02251813464157,1.81052164248038,1.90579927126864,1.14259701320813
1.00825901411743,1.08681082304692,1.07176113573758,1.11115205988435,1.6037823616395,1.05750222746166,1.00544518603967,1.0086592069866,1.85500149596752,1.97710951006362,1.17824097905529
1.0214293514156,1.17261443524523,1.08934996369328,1.11396787889286,1.87119753036781,1.06317832655204,1.01918065417511,1.02056719264902,1.63191731206632,1.23554721975122,1.07878910319981
1.03194162060529,1.60666866647751,1.90838689239342,1.94652005863269,1.89271911288042,1.23879915738864,1.04978112322819,1.0324075978824,1.90459186964754,1.80092504332384,1.98945868465295
1.03541319733373,1.70523113470366,1.97877902696973,1.96321284650408,1.90849500265021,1.15860543885161,1.03879728850876,1.03563907814332,1.59813807927652,1.29367677807477,1.32044135294178
1.10153288909337,1.16574551423682,1.33786151601598,1.43812755408711,1.35183609822799,1.14269945012048,1.11418716314151,1.10045704355718,1.58315343363743,1.66911165444173,1.182332051941
1.06551462318622,1.14145411547091,1.9867229242546,1.95415203915475,1.67862543488259,1.03495406690952,1.07044850087506,1.06573529377491,1.95361109625638,1.90226571022835,1.21873150571499
1.11996942407517,1.82951010773055,1.92668001460409,1.96682034267684,1.87384187226526,1.05800211531767,1.12191519473498,1.11652119456278,1.54912448718071,1.40892448576482,1.66537879081254
1.07617616084214,1.10240072990192,1.1459853305674,1.14885925146131,1.78503027946437,1.14387294416049,1.09042670332698,1.07561497615369,1.89498633079256,1.72780583160431,1.50533924729397
1.02638879741858,1.13230927664341,1.15873967395306,1.18316722917253,1.98190057943886,1.19492913640117,1.03081645191936,1.02743118505389,1.62968439137707,1.89929931904538,1.09537265441662
1.06450756141409,1.15813560942472,1.1642704278969,1.18438044820016,1.81295060544485,1.08013497481995,1.07864899210681,1.06323215472124,1.91244119770716,1.92369224909172,1.2449079431073
1.08036422305859,1.15810271616118,1.15479954296735,1.17317839133107,1.75105787369026,1.11619985037241,1.08157553594843,1.08066013603057,1.99824481399647,1.18441745302988,1.23190409907562
1.02213405610005,1.85046010810885,1.60223085116093,1.77360881178448,1.94983496144355,1.10209863366075,1.02431959023723,1.02196817033434,1.98973232117664,1.26249427819715,1.32739247400577
1.1037290748293,1.59563511867363,1.82023624603593,1.75574803006433,1.87372661354995,1.11776585632421,1.13315633773221,1.10554823586244,1.53547907906945,1.41377321560356,1.99687873435439
1.21134190629608,1.17209554711404,1.31998872168462,1.32464780822456,1.8612415009909,1.20396150450916,1.22167910547801,1.20707609662611,1.99453776882134,1.73971982129967,1.88755250696868
1.06050431190617,1.08006361943534,1.32483594587337,1.41088355623856,1.97184877453298,1.12790067007424,1.04885420140702,1.05909186593064,1.99139876840391,1.87062269041016,1.17080466624675
1.05609074655643,1.14786882648266,1.194954778043,1.19197170929103,1.9965882189483,1.32026911714809,1.04658080025319,1.05574689413531,1.84545820263408,1.96805381960228,1.32817052644516
1.06098141058787,1.18393516784063,1.11215097095134,1.11301600331162,1.99481179638295,1.0847735340847,1.06787609089094,1.06124730919468,1.82540903312056,1.87734195099442,1.18653817015915
1.15294856613527,1.20261974115891,1.43776984517644,1.45738867112173,1.7461974677028,1.08445169543181,1.19581729804372,1.15239750078942,1.97264308371279,1.56139491696858,1.91738784212674
1.02944995201014,1.05967193046653,1.16971001612295,1.17696113421899,1.97507972852863,1.25059084417785,1.0214610346537,1.03000308146923,1.61307030668276,1.37083109757962,1.35387716491335
1.16407974926671,1.20458683729465,1.38948515038957,1.45743520571755,1.7748442264181,1.12436753890166,1.15366713247758,1.15940508179361,1.58274373991083,1.47709441146528,1.48408922331355
1.08486259478132,1.16429192876686,1.13027341257036,1.14179938127454,1.92809550184455,1.07519457543539,1.07845875617167,1.0848652770781,1.83486007157415,1.42755120918782,1.34763681954516
1.01841587660016,1.99720784961505,1.39565659003385,1.38266252003395,1.9319350293444,1.26150915314659,1.0193753701427,1.01802471670201,1.99322908429161,1.52364563920627,1.39855002751638
1.11082949519746,1.98019599344479,1.99890786475287,1.91637244288023,1.93897401430352,1.24819258332444,1.1341208860762,1.10925499882482,1.58795970633701,1.37578159852865,1.87568327622432
1.04931773730815,1.10744500858458,1.15491288257193,1.16545706949781,1.987414957797,1.22290028796363,1.06918166622976,1.04922851056143,1.99959363850889,1.33836007630836,1.23635493210741
1.03603853016276,1.13986013312321,1.09054707453603,1.08870822189422,1.94468555328023,1.25102911866168,1.03829327682345,1.03656815680867,1.85744300195327,1.38337300050608,1.22046310898331
1.0263018071244,1.43144966711886,1.84945582609805,1.82416162405377,1.88596770188402,1.13520333128993,1.01798713207945,1.02657192413586,1.82406511275215,1.42165725365943,1.3587350942082
1.06627471086331,1.91658129343868,1.19269380877965,1.18774045573809,1.97925980211019,1.10554354069258,1.09263671643807,1.06588274780444,1.96962783059916,1.93644464360996,1.47249442842264
1.26696916972272,1.44238077025211,1.99841535576073,1.99902242544356,1.99922406986172,1.09091184396714,1.23453932407621,1.26406270787662,1.95240843155642,1.19679896244994,1.99892126124505
1.36312621949469,1.39795915287834,1.71528183387001,1.77080418774969,1.99025190087696,1.14199072109919,1.28270376128687,1.35950959647116,1.99880343780949,1.80076653684971,1.97507653146439
1.07016523533487,1.93827291962767,1.57617909868932,1.41252984009275,1.96095165183241,1.0637154740312,1.06183501694062,1.06873162749718,1.80594279337847,1.67094924271926,1.33058095429678
1.06467980622115,1.93434668374124,1.93695979561337,1.96214845999293,1.98893981370986,1.17167499615536,1.07895016961743,1.06489284096439,1.90099589679902,1.62859793581485,1.79993394229849
1.02563362974094,1.92730992119033,1.99985266817225,1.9991969115981,1.99445205432633,1.05151064851551,1.0375466221101,1.02504908453257,1.9830713582085,1.35364910079636,1.9894971390452
1.04727962704862,1.14160699132271,1.17026648182117,1.1843819871641,1.90408082269033,1.17206424088321,1.0541609432619,1.04693440059768,1.94465839139806,1.8808372067343,1.34211823686346
1.08869735372038,1.09025979908968,1.65271311697439,1.71976854357855,1.98508401963749,1.08242782821178,1.11049760367129,1.09026460113836,1.85669507606699,1.55006581366101,1.29738225476156
1.07568304842139,1.20514115256027,1.34251879664408,1.43065391845255,1.55978800771751,1.06820696927477,1.08672341878643,1.07548420884166,1.89036438960802,1.25316622253476,1.17768797463699
1.15760853541853,1.18150553294204,1.38255862724788,1.43155729709621,1.64548746724064,1.1026027135492,1.13556345897055,1.15148699975702,1.63927827054803,1.87374769703966,1.29443862305295
1.01954437240838,1.10238279190633,1.12586462585695,1.12753504890434,1.89237491686353,1.05905482109466,1.0303283526988,1.02015276025625,1.99680862269348,1.91208031249352,1.18254240353329
1.02663248167667,1.05361185431835,1.11948173203015,1.12783745256403,1.72268910442819,1.15484895214368,1.03561948946863,1.02690167348846,1.84221763384867,1.29340539107132,1.3150390621565
1.23526482810478,1.86913728593163,1.99567984946889,1.99852361073307,1.98034570262282,1.0835373122782,1.21497342179717,1.234305095177,1.96913733570182,1.73767328315116,1.78750332898498
1.07017847427812,1.78921768405139,1.95958285378318,1.94781927042644,1.99986506418868,1.078256325134,1.102704586289,1.07008350131062,1.95881777873076,1.62271960028434,1.76597949358108
1.13455393895354,1.99768418313993,1.50711715335358,1.47398498212085,1.95350008897294,1.18465311951733,1.16683027816453,1.13357744054111,1.95647114733451,1.48374723446064,1.84483034517165
1.10837434109408,1.81378428307287,1.53917455338785,1.45101044934399,1.97434258515751,1.09385705787248,1.12028769950049,1.10792140514513,1.87269864992076,1.43601616139332,1.43602110098719
1.02231975459054,1.8811538050771,1.99511347976008,1.9754180945591,1.94293769567047,1.19689083793681,1.02381967377456,1.02267237938443,1.99865312741646,1.37365218108677,1.58100971406858
1.0466270304128,1.21930222341394,1.46192787862674,1.48316683779952,1.83096751601015,1.12930813756893,1.06503692244245,1.04512473391313,1.99343856209544,1.42363533791926,1.41647460246118
1.05235698221092,1.91662218224852,1.59843818679401,1.61796343511916,1.8511416904826,1.06091753518837,1.04016226721768,1.05126009924225,1.81459066180047,1.25948551451894,1.66352740684247
1.20562663582604,1.85373775351522,1.99385687971298,1.98347196936623,1.98224046705932,1.07287133361629,1.18829595896068,1.20591470925911,1.96923475638751,1.34563909805644,1.41739593073123
1.05556182450864,1.17075873320457,1.32575744590747,1.39035674934041,1.81163916747036,1.0469780413293,1.06656167494312,1.05542689728968,1.99942813778405,1.57440357912496,1.4148782000058
1.02646080302713,1.99534637269116,1.43239629511929,1.45540959459179,1.99553374681318,1.59897651380991,1.04577035534683,1.02669849648474,1.76817486156868,1.3858593698528,1.60579241693748
1.0866682050843,1.13855593669297,1.318157468591,1.37119949197537,1.3409320234764,1.18025651516148,1.08548986465701,1.08801407603736,1.87104075873813,1.91437883445646,1.37984663077144
1.00180918638038,1.82429075147086,1.16759737345821,1.17296546269505,1.99995112538568,1.37016992347042,1.00769859988336,1.00193901157109,1.73235232672589,1.413487527894,1.74798368322988
1.06077062394874,1.50706520918351,1.78821373995194,1.83212686242254,1.66372480796991,1.08298782333634,1.07708258290863,1.06063342153667,1.98563201819699,1.70753320885169,1.11101844316093
1.14467270376285,1.12419588188663,1.7529163199063,1.81178871038093,1.93714050187135,1.19649628764463,1.16557009865222,1.14503945164163,1.7806189152451,1.29896116358056,1.70102733296325
1.05196819021237,1.04956127237738,1.33222394845296,1.32281070623269,1.98986506701461,1.99959465137664,1.04776999480974,1.05157549529117,1.96856906718725,1.56311821741646,1.75090562501977
1.02259454291637,1.03342203433229,1.17527107588869,1.16313004772766,1.85420086941417,1.23260807640992,1.03263382631096,1.02403126812089,1.99805133849227,1.49740357795257,1.20891170581979
1.04066292986288,1.03858161887804,1.3106669269491,1.35301180276055,1.9871469597188,1.05446690583597,1.06088989417473,1.03983992919013,1.88980980464341,1.27314804595738,1.26493615768238
1.0923027914725,1.92949731503215,1.92018229880127,1.94017403461987,1.93925674610385,1.10125809526343,1.11319043258811,1.09430520835911,1.8612415009909,1.39334638277634,1.66359503717724
1.03205893094784,1.09652709030619,1.15695635091867,1.15144036216655,1.99193737012562,1.13746489846639,1.03571461806744,1.03235853789237,1.96658881644632,1.38895713763479,1.47612753590469
1.22711939636132,1.27296720056687,1.70985612301919,1.73723159757549,1.92673450096588,1.05964440412259,1.23221448832681,1.22513516646966,1.88539349890371,1.99859062875933,1.74662201786928
1.020171489721,1.91533029375459,1.17526168138037,1.16757103883049,1.94361013955508,1.24483214823889,1.0418171985566,1.0201599444371,1.97215033264988,1.33534292480534,1.30006895339755
1.14519494504958,1.15448311512015,1.30854943085277,1.33463015335048,1.76649046167843,1.08204107062588,1.17948698843566,1.14426566305145,1.99368184369169,1.30445435161024,1.49200702787002
1.06676935190941,1.13654375522647,1.37875149678659,1.41741764258303,1.85641823833024,1.06074149386095,1.11098384505288,1.06570982667173,1.86855382567465,1.38651970176791,1.99633597281915
1.096942201472,1.16820664020891,1.19255710397843,1.22263399786067,1.75672186538487,1.09411658671294,1.09440932745259,1.09598904729155,1.99996513189071,1.24119630558491,1.22425457287905
1.10020984537734,1.21997254479028,1.17320759968926,1.20946703276793,1.90910378562828,1.04531891558408,1.10997454319773,1.09905447541631,1.99677095456313,1.35996393207601,1.31800050479037
1.10237797730236,1.17882030784045,1.2531601865259,1.29510449571241,1.66949447729665,1.34923605804634,1.1042426874075,1.10065819930692,1.7294039507486,1.34539810588607,1.47006356330798
1.18540307244398,1.85080244441335,1.99782441544115,1.99893626552947,1.92283983868387,1.08715043386453,1.1854811420877,1.18395458131502,1.97615755439723,1.48566894353363,1.99956521904951
1.04573226953254,1.08134998895567,1.19188159159697,1.1999896297755,1.99797811076852,1.3349270177068,1.0374126580359,1.04483512630289,1.74284856110171,1.5102616205161,1.19882794408237
1.01815891589809,1.47522841875726,1.08622760886705,1.10222166699596,1.81605841999729,1.09746076782578,1.0133424699837,1.01815420035943,1.92207350762471,1.34542477213525,1.26521558403736
1.1106661296746,1.95283158243348,1.96773908845135,1.88600289557353,1.99096441088647,1.04943616256186,1.08780340279835,1.11021069692771,1.82217532316871,1.98853799269707,1.599247742688
1.02549808927228,1.04026610174142,1.14941315331963,1.16744107614052,1.7966208927068,1.26818797398547,1.03486531227685,1.0252913666803,1.90888727652044,1.31494430029878,1.23228612675357
1.09020846345707,1.16688014459978,1.20079612645707,1.21431721786838,1.53650738141334,1.22084967568426,1.06428523461917,1.08945564482575,1.87883695811847,1.84198498582531,1.16511343574361
1.02511544573029,1.79817153592842,1.52998059233161,1.60923080582703,1.93737163360463,1.15952021004716,1.0218690540254,1.02541968719729,1.79452057358672,1.66921600551788,1.92425183873677
1.06549041239334,1.11323007087564,1.22232439445753,1.23115783322474,1.78320212962207,1.54099488345905,1.04558770656939,1.06563846508032,1.75932805376551,1.44244896859472,1.49643229706318
1.15312315587993,1.14912151444725,1.22056596295097,1.24781617751914,1.44578558593726,1.1907896290513,1.11120181363902,1.15509784834152,1.40345104750829,1.4259750533755,1.2606179017793
1.04022881331301,1.95304214672854,1.24287422400217,1.28222672461279,1.9950138376514,1.090487530448,1.06172131395884,1.04001933874145,1.75266473339242,1.63993657973695,1.65653137489223
1.04659948269571,1.79523796708744,1.41999789313689,1.55445860893196,1.77298051894441,1.05442938658755,1.05644238853954,1.04743009121438,1.70671881669765,1.48881486988062,1.48452101550544
1.06305280637223,1.17122279119456,1.65763485736843,1.66215121153394,1.97623588392717,1.16231301210633,1.08089589942788,1.06269443929701,1.9343726104574,1.40030944994385,1.19455525146691
1.15068982539728,1.64936211726627,1.99997651604571,1.99887482083988,1.80152476915677,1.14341059963604,1.19890879141394,1.15055358622887,1.94372447315949,1.61449495055811,1.75670832259695
1.14192567749142,1.17695731359146,1.26460196690674,1.31682825704224,1.87270753388679,1.09715225679315,1.16772965875192,1.14053707013788,1.99842725787762,1.33233589431481,1.39467441490589
1.12864352640338,1.23770117694803,1.74855570072094,1.75764759231859,1.99936791375789,1.05223922984371,1.14217451991629,1.12816163183979,1.94143046879498,1.58147940558934,1.96330273189525
1.07027464693926,1.10292426080078,1.17177987973705,1.197570166003,1.93033020912351,1.07572738048775,1.09025777294835,1.07019388845952,1.94566980969224,1.66246612506909,1.601174223851
1.09072358111372,1.17377441570151,1.21195773162654,1.27917198678198,1.85462474994545,1.05503690342752,1.11360477781541,1.08960283247627,1.89257814229552,1.95225439745401,1.30347472674549
